2026-02-09 16:37:15,365:WARNING:
'cuml' is a soft dependency and not included in the pycaret installation. Please run: `pip install cuml` to install.
2026-02-09 16:37:15,365:WARNING:
'cuml' is a soft dependency and not included in the pycaret installation. Please run: `pip install cuml` to install.
2026-02-09 16:37:15,365:WARNING:
'cuml' is a soft dependency and not included in the pycaret installation. Please run: `pip install cuml` to install.
2026-02-09 16:37:15,365:WARNING:
'cuml' is a soft dependency and not included in the pycaret installation. Please run: `pip install cuml` to install.
2026-02-09 16:50:04,229:INFO:PyCaret RegressionExperiment
2026-02-09 16:50:04,229:INFO:Logging name: reg-default-name
2026-02-09 16:50:04,229:INFO:ML Usecase: MLUsecase.REGRESSION
2026-02-09 16:50:04,229:INFO:version 3.3.2
2026-02-09 16:50:04,229:INFO:Initializing setup()
2026-02-09 16:50:04,229:INFO:self.USI: 29a5
2026-02-09 16:50:04,229:INFO:self._variable_keys: {'gpu_param', '_available_plots', 'fold_shuffle_param', 'fold_generator', 'data', 'html_param', 'target_param', 'exp_id', 'logging_param', 'USI', 'y_train', 'X_test', 'fold_groups_param', 'X', 'idx', 'n_jobs_param', '_ml_usecase', 'exp_name_log', 'y', 'transform_target_param', 'pipeline', 'seed', 'log_plots_param', 'gpu_n_jobs_param', 'memory', 'X_train', 'y_test'}
2026-02-09 16:50:04,229:INFO:Checking environment
2026-02-09 16:50:04,229:INFO:python_version: 3.11.9
2026-02-09 16:50:04,229:INFO:python_build: ('tags/v3.11.9:de54cf5', 'Apr  2 2024 10:12:12')
2026-02-09 16:50:04,230:INFO:machine: AMD64
2026-02-09 16:50:04,230:INFO:platform: Windows-10-10.0.26200-SP0
2026-02-09 16:50:04,230:INFO:Memory: svmem(total=16881364992, available=3529588736, percent=79.1, used=13351776256, free=3529588736)
2026-02-09 16:50:04,230:INFO:Physical Core: 6
2026-02-09 16:50:04,230:INFO:Logical Core: 12
2026-02-09 16:50:04,230:INFO:Checking libraries
2026-02-09 16:50:04,230:INFO:System:
2026-02-09 16:50:04,230:INFO:    python: 3.11.9 (tags/v3.11.9:de54cf5, Apr  2 2024, 10:12:12) [MSC v.1938 64 bit (AMD64)]
2026-02-09 16:50:04,230:INFO:executable: c:\Users\itwill\AppData\Local\Programs\Python\Python311\python.exe
2026-02-09 16:50:04,230:INFO:   machine: Windows-10-10.0.26200-SP0
2026-02-09 16:50:04,230:INFO:PyCaret required dependencies:
2026-02-09 16:50:04,231:INFO:                 pip: 24.0
2026-02-09 16:50:04,232:INFO:          setuptools: 65.5.0
2026-02-09 16:50:04,232:INFO:             pycaret: 3.3.2
2026-02-09 16:50:04,232:INFO:             IPython: 9.10.0
2026-02-09 16:50:04,232:INFO:          ipywidgets: 8.1.8
2026-02-09 16:50:04,232:INFO:                tqdm: 4.67.3
2026-02-09 16:50:04,232:INFO:               numpy: 1.26.4
2026-02-09 16:50:04,232:INFO:              pandas: 2.1.4
2026-02-09 16:50:04,232:INFO:              jinja2: 3.1.6
2026-02-09 16:50:04,232:INFO:               scipy: 1.11.4
2026-02-09 16:50:04,232:INFO:              joblib: 1.3.2
2026-02-09 16:50:04,232:INFO:             sklearn: 1.4.2
2026-02-09 16:50:04,232:INFO:                pyod: 2.0.6
2026-02-09 16:50:04,232:INFO:            imblearn: 0.13.0
2026-02-09 16:50:04,232:INFO:   category_encoders: 2.7.0
2026-02-09 16:50:04,232:INFO:            lightgbm: 4.6.0
2026-02-09 16:50:04,232:INFO:               numba: 0.63.1
2026-02-09 16:50:04,232:INFO:            requests: 2.32.5
2026-02-09 16:50:04,232:INFO:          matplotlib: 3.7.5
2026-02-09 16:50:04,232:INFO:          scikitplot: 0.3.7
2026-02-09 16:50:04,232:INFO:         yellowbrick: 1.5
2026-02-09 16:50:04,232:INFO:              plotly: 6.5.2
2026-02-09 16:50:04,232:INFO:    plotly-resampler: Not installed
2026-02-09 16:50:04,232:INFO:             kaleido: 1.2.0
2026-02-09 16:50:04,232:INFO:           schemdraw: 0.15
2026-02-09 16:50:04,232:INFO:         statsmodels: 0.14.6
2026-02-09 16:50:04,232:INFO:              sktime: 0.26.0
2026-02-09 16:50:04,232:INFO:               tbats: 1.1.3
2026-02-09 16:50:04,232:INFO:            pmdarima: 2.0.4
2026-02-09 16:50:04,232:INFO:              psutil: 7.2.2
2026-02-09 16:50:04,232:INFO:          markupsafe: 3.0.3
2026-02-09 16:50:04,232:INFO:             pickle5: Not installed
2026-02-09 16:50:04,232:INFO:         cloudpickle: 3.1.2
2026-02-09 16:50:04,233:INFO:         deprecation: 2.1.0
2026-02-09 16:50:04,233:INFO:              xxhash: 3.6.0
2026-02-09 16:50:04,233:INFO:           wurlitzer: Not installed
2026-02-09 16:50:04,233:INFO:PyCaret optional dependencies:
2026-02-09 16:50:04,238:INFO:                shap: 0.49.1
2026-02-09 16:50:04,239:INFO:           interpret: Not installed
2026-02-09 16:50:04,239:INFO:                umap: Not installed
2026-02-09 16:50:04,239:INFO:     ydata_profiling: Not installed
2026-02-09 16:50:04,239:INFO:  explainerdashboard: Not installed
2026-02-09 16:50:04,239:INFO:             autoviz: Not installed
2026-02-09 16:50:04,239:INFO:           fairlearn: Not installed
2026-02-09 16:50:04,239:INFO:          deepchecks: Not installed
2026-02-09 16:50:04,239:INFO:             xgboost: 2.1.4
2026-02-09 16:50:04,239:INFO:            catboost: 1.2.8
2026-02-09 16:50:04,239:INFO:              kmodes: 0.12.2
2026-02-09 16:50:04,239:INFO:             mlxtend: Not installed
2026-02-09 16:50:04,239:INFO:       statsforecast: Not installed
2026-02-09 16:50:04,239:INFO:        tune_sklearn: Not installed
2026-02-09 16:50:04,239:INFO:                 ray: Not installed
2026-02-09 16:50:04,239:INFO:            hyperopt: Not installed
2026-02-09 16:50:04,239:INFO:              optuna: Not installed
2026-02-09 16:50:04,239:INFO:               skopt: Not installed
2026-02-09 16:50:04,239:INFO:              mlflow: Not installed
2026-02-09 16:50:04,239:INFO:              gradio: Not installed
2026-02-09 16:50:04,239:INFO:             fastapi: Not installed
2026-02-09 16:50:04,239:INFO:             uvicorn: Not installed
2026-02-09 16:50:04,239:INFO:              m2cgen: Not installed
2026-02-09 16:50:04,239:INFO:           evidently: Not installed
2026-02-09 16:50:04,239:INFO:               fugue: Not installed
2026-02-09 16:50:04,239:INFO:           streamlit: Not installed
2026-02-09 16:50:04,239:INFO:             prophet: 1.3.0
2026-02-09 16:50:04,239:INFO:None
2026-02-09 16:50:04,239:INFO:Set up data.
2026-02-09 16:50:04,249:INFO:Set up folding strategy.
2026-02-09 16:50:04,249:INFO:Set up train/test split.
2026-02-09 16:50:04,253:INFO:Set up index.
2026-02-09 16:50:04,253:INFO:Assigning column types.
2026-02-09 16:50:04,257:INFO:Engine successfully changes for model 'lr' to 'sklearn'.
2026-02-09 16:50:04,257:INFO:Engine for model 'lasso' has not been set explicitly, hence returning None.
2026-02-09 16:50:04,260:INFO:Engine for model 'ridge' has not been set explicitly, hence returning None.
2026-02-09 16:50:04,263:INFO:Engine for model 'en' has not been set explicitly, hence returning None.
2026-02-09 16:50:04,296:INFO:Engine for model 'svm' has not been set explicitly, hence returning None.
2026-02-09 16:50:04,334:INFO:Engine for model 'knn' has not been set explicitly, hence returning None.
2026-02-09 16:50:04,334:INFO:Soft dependency imported: xgboost: 2.1.4
2026-02-09 16:50:04,340:INFO:Soft dependency imported: catboost: 1.2.8
2026-02-09 16:50:04,341:INFO:Engine for model 'lasso' has not been set explicitly, hence returning None.
2026-02-09 16:50:04,345:INFO:Engine for model 'ridge' has not been set explicitly, hence returning None.
2026-02-09 16:50:04,347:INFO:Engine for model 'en' has not been set explicitly, hence returning None.
2026-02-09 16:50:04,392:INFO:Engine for model 'svm' has not been set explicitly, hence returning None.
2026-02-09 16:50:04,418:INFO:Engine for model 'knn' has not been set explicitly, hence returning None.
2026-02-09 16:50:04,418:INFO:Soft dependency imported: xgboost: 2.1.4
2026-02-09 16:50:04,419:INFO:Soft dependency imported: catboost: 1.2.8
2026-02-09 16:50:04,420:INFO:Engine successfully changes for model 'lasso' to 'sklearn'.
2026-02-09 16:50:04,422:INFO:Engine for model 'ridge' has not been set explicitly, hence returning None.
2026-02-09 16:50:04,424:INFO:Engine for model 'en' has not been set explicitly, hence returning None.
2026-02-09 16:50:04,455:INFO:Engine for model 'svm' has not been set explicitly, hence returning None.
2026-02-09 16:50:04,478:INFO:Engine for model 'knn' has not been set explicitly, hence returning None.
2026-02-09 16:50:04,479:INFO:Soft dependency imported: xgboost: 2.1.4
2026-02-09 16:50:04,480:INFO:Soft dependency imported: catboost: 1.2.8
2026-02-09 16:50:04,483:INFO:Engine for model 'ridge' has not been set explicitly, hence returning None.
2026-02-09 16:50:04,485:INFO:Engine for model 'en' has not been set explicitly, hence returning None.
2026-02-09 16:50:04,505:INFO:Engine for model 'svm' has not been set explicitly, hence returning None.
2026-02-09 16:50:04,540:INFO:Engine for model 'knn' has not been set explicitly, hence returning None.
2026-02-09 16:50:04,540:INFO:Soft dependency imported: xgboost: 2.1.4
2026-02-09 16:50:04,542:INFO:Soft dependency imported: catboost: 1.2.8
2026-02-09 16:50:04,542:INFO:Engine successfully changes for model 'ridge' to 'sklearn'.
2026-02-09 16:50:04,547:INFO:Engine for model 'en' has not been set explicitly, hence returning None.
2026-02-09 16:50:04,573:INFO:Engine for model 'svm' has not been set explicitly, hence returning None.
2026-02-09 16:50:04,589:INFO:Engine for model 'knn' has not been set explicitly, hence returning None.
2026-02-09 16:50:04,589:INFO:Soft dependency imported: xgboost: 2.1.4
2026-02-09 16:50:04,589:INFO:Soft dependency imported: catboost: 1.2.8
2026-02-09 16:50:04,606:INFO:Engine for model 'en' has not been set explicitly, hence returning None.
2026-02-09 16:50:04,637:INFO:Engine for model 'svm' has not been set explicitly, hence returning None.
2026-02-09 16:50:04,660:INFO:Engine for model 'knn' has not been set explicitly, hence returning None.
2026-02-09 16:50:04,660:INFO:Soft dependency imported: xgboost: 2.1.4
2026-02-09 16:50:04,661:INFO:Soft dependency imported: catboost: 1.2.8
2026-02-09 16:50:04,662:INFO:Engine successfully changes for model 'en' to 'sklearn'.
2026-02-09 16:50:04,689:INFO:Engine for model 'svm' has not been set explicitly, hence returning None.
2026-02-09 16:50:04,705:INFO:Engine for model 'knn' has not been set explicitly, hence returning None.
2026-02-09 16:50:04,705:INFO:Soft dependency imported: xgboost: 2.1.4
2026-02-09 16:50:04,705:INFO:Soft dependency imported: catboost: 1.2.8
2026-02-09 16:50:04,753:INFO:Engine for model 'svm' has not been set explicitly, hence returning None.
2026-02-09 16:50:04,776:INFO:Engine for model 'knn' has not been set explicitly, hence returning None.
2026-02-09 16:50:04,778:INFO:Soft dependency imported: xgboost: 2.1.4
2026-02-09 16:50:04,779:INFO:Soft dependency imported: catboost: 1.2.8
2026-02-09 16:50:04,779:INFO:Engine successfully changes for model 'knn' to 'sklearn'.
2026-02-09 16:50:04,807:INFO:Engine for model 'svm' has not been set explicitly, hence returning None.
2026-02-09 16:50:04,824:INFO:Soft dependency imported: xgboost: 2.1.4
2026-02-09 16:50:04,839:INFO:Soft dependency imported: catboost: 1.2.8
2026-02-09 16:50:04,882:INFO:Engine for model 'svm' has not been set explicitly, hence returning None.
2026-02-09 16:50:04,907:INFO:Soft dependency imported: xgboost: 2.1.4
2026-02-09 16:50:04,907:INFO:Soft dependency imported: catboost: 1.2.8
2026-02-09 16:50:04,907:INFO:Engine successfully changes for model 'svm' to 'sklearn'.
2026-02-09 16:50:04,978:INFO:Soft dependency imported: xgboost: 2.1.4
2026-02-09 16:50:04,980:INFO:Soft dependency imported: catboost: 1.2.8
2026-02-09 16:50:05,024:INFO:Soft dependency imported: xgboost: 2.1.4
2026-02-09 16:50:05,039:INFO:Soft dependency imported: catboost: 1.2.8
2026-02-09 16:50:05,040:INFO:Preparing preprocessing pipeline...
2026-02-09 16:50:05,040:INFO:Set up simple imputation.
2026-02-09 16:50:05,040:INFO:Set up encoding of ordinal features.
2026-02-09 16:50:05,040:INFO:Set up encoding of categorical features.
2026-02-09 16:50:05,040:INFO:Set up feature normalization.
2026-02-09 16:50:05,080:INFO:Finished creating preprocessing pipeline.
2026-02-09 16:50:05,097:INFO:Pipeline: Pipeline(memory=FastMemory(location=C:\Users\itwill\AppData\Local\Temp\joblib),
         steps=[('numerical_imputer',
                 TransformerWrapper(include=['visitors', 'avg_price',
                                             'marketing_cost', 'delivery_ratio',
                                             'rain_mm', 'temperature'],
                                    transformer=SimpleImputer())),
                ('categorical_imputer',
                 TransformerWrapper(include=['weekend', 'holiday'],
                                    transformer=SimpleImputer(strat...
                 TransformerWrapper(include=['weekend', 'holiday'],
                                    transformer=OrdinalEncoder(cols=['weekend',
                                                                     'holiday'],
                                                               handle_missing='return_nan',
                                                               mapping=[{'col': 'weekend',
                                                                         'data_type': dtype('float64'),
                                                                         'mapping': 0.000    0
1.000    1
NaN     -1
dtype: int64},
                                                                        {'col': 'holiday',
                                                                         'data_type': dtype('float64'),
                                                                         'mapping': 0.000    0
1.000    1
NaN     -1
dtype: int64}]))),
                ('normalize',
                 TransformerWrapper(transformer=StandardScaler()))])
2026-02-09 16:50:05,097:INFO:Creating final display dataframe.
2026-02-09 16:50:05,176:INFO:Setup _display_container:                     Description             Value
0                    Session id                52
1                        Target             sales
2                   Target type        Regression
3           Original data shape          (353, 9)
4        Transformed data shape          (353, 9)
5   Transformed train set shape          (264, 9)
6    Transformed test set shape           (89, 9)
7              Numeric features                 6
8          Categorical features                 2
9                    Preprocess              True
10              Imputation type            simple
11           Numeric imputation              mean
12       Categorical imputation              mode
13     Maximum one-hot encoding                25
14              Encoding method              None
15                    Normalize              True
16             Normalize method            zscore
17               Fold Generator             KFold
18                  Fold Number                 5
19                     CPU Jobs                -1
20                      Use GPU             False
21               Log Experiment             False
22              Experiment Name  reg-default-name
23                          USI              29a5
2026-02-09 16:50:05,222:INFO:Soft dependency imported: xgboost: 2.1.4
2026-02-09 16:50:05,222:INFO:Soft dependency imported: catboost: 1.2.8
2026-02-09 16:50:05,297:INFO:Soft dependency imported: xgboost: 2.1.4
2026-02-09 16:50:05,299:INFO:Soft dependency imported: catboost: 1.2.8
2026-02-09 16:50:05,299:INFO:setup() successfully completed in 1.08s...............
2026-02-09 16:50:30,535:INFO:Initializing create_model()
2026-02-09 16:50:30,535:INFO:create_model(self=<pycaret.regression.oop.RegressionExperiment object at 0x0000015D6808D310>, estimator=rf, fold=None, round=4, cross_validation=True, predict=True, fit_kwargs=None, groups=None, refit=True, probability_threshold=None, experiment_custom_tags=None, verbose=True, system=True, add_to_model_list=True, metrics=None, display=None, model_only=True, return_train_score=False, error_score=0.0, kwargs={})
2026-02-09 16:50:30,535:INFO:Checking exceptions
2026-02-09 16:50:30,546:INFO:Importing libraries
2026-02-09 16:50:30,546:INFO:Copying training dataset
2026-02-09 16:50:30,550:INFO:Defining folds
2026-02-09 16:50:30,550:INFO:Declaring metric variables
2026-02-09 16:50:30,554:INFO:Importing untrained model
2026-02-09 16:50:30,557:INFO:Random Forest Regressor Imported successfully
2026-02-09 16:50:30,567:INFO:Starting cross validation
2026-02-09 16:50:30,575:INFO:Cross validating with KFold(n_splits=5, random_state=None, shuffle=False), n_jobs=-1
2026-02-09 16:50:33,296:INFO:Calculating mean and std
2026-02-09 16:50:33,296:INFO:Creating metrics dataframe
2026-02-09 16:50:33,303:INFO:Finalizing model
2026-02-09 16:50:33,420:INFO:Uploading results into container
2026-02-09 16:50:33,421:INFO:Uploading model into container now
2026-02-09 16:50:33,427:INFO:_master_model_container: 1
2026-02-09 16:50:33,427:INFO:_display_container: 2
2026-02-09 16:50:33,427:INFO:RandomForestRegressor(n_jobs=-1, random_state=52)
2026-02-09 16:50:33,427:INFO:create_model() successfully completed......................................
2026-02-09 16:51:05,332:INFO:Initializing create_model()
2026-02-09 16:51:05,333:INFO:create_model(self=<pycaret.regression.oop.RegressionExperiment object at 0x0000015D6808D310>, estimator=rf, fold=None, round=4, cross_validation=True, predict=True, fit_kwargs=None, groups=None, refit=True, probability_threshold=None, experiment_custom_tags=None, verbose=True, system=True, add_to_model_list=True, metrics=None, display=None, model_only=True, return_train_score=False, error_score=0.0, kwargs={})
2026-02-09 16:51:05,333:INFO:Checking exceptions
2026-02-09 16:51:05,343:INFO:Importing libraries
2026-02-09 16:51:05,343:INFO:Copying training dataset
2026-02-09 16:51:05,348:INFO:Defining folds
2026-02-09 16:51:05,348:INFO:Declaring metric variables
2026-02-09 16:51:05,351:INFO:Importing untrained model
2026-02-09 16:51:05,354:INFO:Random Forest Regressor Imported successfully
2026-02-09 16:51:05,361:INFO:Starting cross validation
2026-02-09 16:51:05,362:INFO:Cross validating with KFold(n_splits=5, random_state=None, shuffle=False), n_jobs=-1
2026-02-09 16:51:07,686:INFO:Calculating mean and std
2026-02-09 16:51:07,687:INFO:Creating metrics dataframe
2026-02-09 16:51:07,694:INFO:Finalizing model
2026-02-09 16:51:07,808:INFO:Uploading results into container
2026-02-09 16:51:07,809:INFO:Uploading model into container now
2026-02-09 16:51:07,814:INFO:_master_model_container: 2
2026-02-09 16:51:07,814:INFO:_display_container: 3
2026-02-09 16:51:07,814:INFO:RandomForestRegressor(n_jobs=-1, random_state=52)
2026-02-09 16:51:07,814:INFO:create_model() successfully completed......................................
2026-02-09 16:51:55,974:INFO:Initializing tune_model()
2026-02-09 16:51:55,974:INFO:tune_model(self=<pycaret.regression.oop.RegressionExperiment object at 0x0000015D6808D310>, estimator=RandomForestRegressor(n_jobs=-1, random_state=52), fold=5, round=4, n_iter=30, custom_grid={'n_estimators': [300, 500], 'max_depth': [None, 10], 'min_samples_leaf': [5, 10], 'max_features': ['sqrt', 1.0]}, optimize=RMSE, custom_scorer=None, search_library=scikit-learn, search_algorithm=grid, early_stopping=True, early_stopping_max_iters=10, choose_better=True, fit_kwargs=None, groups=None, return_tuner=False, verbose=False, tuner_verbose=True, return_train_score=False, kwargs={})
2026-02-09 16:51:55,974:INFO:Checking exceptions
2026-02-09 16:51:55,977:INFO:Copying training dataset
2026-02-09 16:51:55,980:INFO:Checking base model
2026-02-09 16:51:55,980:INFO:Base model : Random Forest Regressor
2026-02-09 16:51:55,980:INFO:Declaring metric variables
2026-02-09 16:51:55,980:INFO:Defining Hyperparameters
2026-02-09 16:51:56,107:INFO:custom_grid: {'actual_estimator__n_estimators': [300, 500], 'actual_estimator__max_depth': [None, 10], 'actual_estimator__min_samples_leaf': [5, 10], 'actual_estimator__max_features': ['sqrt', 1.0]}
2026-02-09 16:51:56,107:INFO:Tuning with n_jobs=-1
2026-02-09 16:51:56,107:INFO:Initializing GridSearchCV
2026-02-09 16:52:02,393:INFO:best_params: {'actual_estimator__max_depth': None, 'actual_estimator__max_features': 1.0, 'actual_estimator__min_samples_leaf': 5, 'actual_estimator__n_estimators': 300}
2026-02-09 16:52:02,395:INFO:Hyperparameter search completed
2026-02-09 16:52:02,395:INFO:SubProcess create_model() called ==================================
2026-02-09 16:52:02,395:INFO:Initializing create_model()
2026-02-09 16:52:02,395:INFO:create_model(self=<pycaret.regression.oop.RegressionExperiment object at 0x0000015D6808D310>, estimator=RandomForestRegressor(n_jobs=-1, random_state=52), fold=KFold(n_splits=5, random_state=None, shuffle=False), round=4, cross_validation=True, predict=True, fit_kwargs={}, groups=None, refit=True, probability_threshold=None, experiment_custom_tags=None, verbose=True, system=False, add_to_model_list=True, metrics=None, display=<pycaret.internal.display.display.CommonDisplay object at 0x0000015D68166F10>, model_only=True, return_train_score=False, error_score=0.0, kwargs={'max_depth': None, 'max_features': 1.0, 'min_samples_leaf': 5, 'n_estimators': 300})
2026-02-09 16:52:02,395:INFO:Checking exceptions
2026-02-09 16:52:02,395:INFO:Importing libraries
2026-02-09 16:52:02,395:INFO:Copying training dataset
2026-02-09 16:52:02,396:INFO:Defining folds
2026-02-09 16:52:02,396:INFO:Declaring metric variables
2026-02-09 16:52:02,396:INFO:Importing untrained model
2026-02-09 16:52:02,396:INFO:Declaring custom model
2026-02-09 16:52:02,396:INFO:Random Forest Regressor Imported successfully
2026-02-09 16:52:02,396:INFO:Starting cross validation
2026-02-09 16:52:02,396:INFO:Cross validating with KFold(n_splits=5, random_state=None, shuffle=False), n_jobs=-1
2026-02-09 16:52:02,775:INFO:Calculating mean and std
2026-02-09 16:52:02,775:INFO:Creating metrics dataframe
2026-02-09 16:52:02,776:INFO:Finalizing model
2026-02-09 16:52:03,002:INFO:Uploading results into container
2026-02-09 16:52:03,002:INFO:Uploading model into container now
2026-02-09 16:52:03,002:INFO:_master_model_container: 3
2026-02-09 16:52:03,002:INFO:_display_container: 4
2026-02-09 16:52:03,005:INFO:RandomForestRegressor(min_samples_leaf=5, n_estimators=300, n_jobs=-1,
                      random_state=52)
2026-02-09 16:52:03,005:INFO:create_model() successfully completed......................................
2026-02-09 16:52:03,084:INFO:SubProcess create_model() end ==================================
2026-02-09 16:52:03,084:INFO:choose_better activated
2026-02-09 16:52:03,084:INFO:SubProcess create_model() called ==================================
2026-02-09 16:52:03,084:INFO:Initializing create_model()
2026-02-09 16:52:03,084:INFO:create_model(self=<pycaret.regression.oop.RegressionExperiment object at 0x0000015D6808D310>, estimator=RandomForestRegressor(n_jobs=-1, random_state=52), fold=KFold(n_splits=5, random_state=None, shuffle=False), round=4, cross_validation=True, predict=True, fit_kwargs={}, groups=None, refit=True, probability_threshold=None, experiment_custom_tags=None, verbose=False, system=False, add_to_model_list=True, metrics=None, display=None, model_only=True, return_train_score=False, error_score=0.0, kwargs={})
2026-02-09 16:52:03,084:INFO:Checking exceptions
2026-02-09 16:52:03,084:INFO:Importing libraries
2026-02-09 16:52:03,084:INFO:Copying training dataset
2026-02-09 16:52:03,084:INFO:Defining folds
2026-02-09 16:52:03,084:INFO:Declaring metric variables
2026-02-09 16:52:03,084:INFO:Importing untrained model
2026-02-09 16:52:03,084:INFO:Declaring custom model
2026-02-09 16:52:03,084:INFO:Random Forest Regressor Imported successfully
2026-02-09 16:52:03,084:INFO:Starting cross validation
2026-02-09 16:52:03,084:INFO:Cross validating with KFold(n_splits=5, random_state=None, shuffle=False), n_jobs=-1
2026-02-09 16:52:03,264:INFO:Calculating mean and std
2026-02-09 16:52:03,264:INFO:Creating metrics dataframe
2026-02-09 16:52:03,266:INFO:Finalizing model
2026-02-09 16:52:03,374:INFO:Uploading results into container
2026-02-09 16:52:03,374:INFO:Uploading model into container now
2026-02-09 16:52:03,375:INFO:_master_model_container: 4
2026-02-09 16:52:03,375:INFO:_display_container: 5
2026-02-09 16:52:03,375:INFO:RandomForestRegressor(n_jobs=-1, random_state=52)
2026-02-09 16:52:03,375:INFO:create_model() successfully completed......................................
2026-02-09 16:52:03,468:INFO:SubProcess create_model() end ==================================
2026-02-09 16:52:03,469:INFO:RandomForestRegressor(n_jobs=-1, random_state=52) result for RMSE is 0.2214
2026-02-09 16:52:03,469:INFO:RandomForestRegressor(min_samples_leaf=5, n_estimators=300, n_jobs=-1,
                      random_state=52) result for RMSE is 0.2205
2026-02-09 16:52:03,471:INFO:RandomForestRegressor(min_samples_leaf=5, n_estimators=300, n_jobs=-1,
                      random_state=52) is best model
2026-02-09 16:52:03,471:INFO:choose_better completed
2026-02-09 16:52:03,471:INFO:_master_model_container: 4
2026-02-09 16:52:03,471:INFO:_display_container: 4
2026-02-09 16:52:03,472:INFO:RandomForestRegressor(min_samples_leaf=5, n_estimators=300, n_jobs=-1,
                      random_state=52)
2026-02-09 16:52:03,472:INFO:tune_model() successfully completed......................................
2026-02-09 16:52:35,731:INFO:Initializing tune_model()
2026-02-09 16:52:35,731:INFO:tune_model(self=<pycaret.regression.oop.RegressionExperiment object at 0x0000015D6808D310>, estimator=RandomForestRegressor(n_jobs=-1, random_state=52), fold=5, round=4, n_iter=30, custom_grid={'n_estimators': [300, 500], 'max_depth': [None, 10], 'min_samples_leaf': [5, 10], 'max_features': ['sqrt', 1.0]}, optimize=RMSE, custom_scorer=None, search_library=scikit-learn, search_algorithm=grid, early_stopping=True, early_stopping_max_iters=10, choose_better=True, fit_kwargs=None, groups=None, return_tuner=False, verbose=False, tuner_verbose=True, return_train_score=False, kwargs={})
2026-02-09 16:52:35,731:INFO:Checking exceptions
2026-02-09 16:52:35,734:INFO:Copying training dataset
2026-02-09 16:52:35,736:INFO:Checking base model
2026-02-09 16:52:35,736:INFO:Base model : Random Forest Regressor
2026-02-09 16:52:35,736:INFO:Declaring metric variables
2026-02-09 16:52:35,736:INFO:Defining Hyperparameters
2026-02-09 16:52:35,848:INFO:custom_grid: {'actual_estimator__n_estimators': [300, 500], 'actual_estimator__max_depth': [None, 10], 'actual_estimator__min_samples_leaf': [5, 10], 'actual_estimator__max_features': ['sqrt', 1.0]}
2026-02-09 16:52:35,848:INFO:Tuning with n_jobs=-1
2026-02-09 16:52:35,848:INFO:Initializing GridSearchCV
2026-02-09 16:52:40,564:INFO:best_params: {'actual_estimator__max_depth': None, 'actual_estimator__max_features': 1.0, 'actual_estimator__min_samples_leaf': 5, 'actual_estimator__n_estimators': 300}
2026-02-09 16:52:40,564:INFO:Hyperparameter search completed
2026-02-09 16:52:40,564:INFO:SubProcess create_model() called ==================================
2026-02-09 16:52:40,564:INFO:Initializing create_model()
2026-02-09 16:52:40,564:INFO:create_model(self=<pycaret.regression.oop.RegressionExperiment object at 0x0000015D6808D310>, estimator=RandomForestRegressor(n_jobs=-1, random_state=52), fold=KFold(n_splits=5, random_state=None, shuffle=False), round=4, cross_validation=True, predict=True, fit_kwargs={}, groups=None, refit=True, probability_threshold=None, experiment_custom_tags=None, verbose=True, system=False, add_to_model_list=True, metrics=None, display=<pycaret.internal.display.display.CommonDisplay object at 0x0000015D665C3D10>, model_only=True, return_train_score=False, error_score=0.0, kwargs={'max_depth': None, 'max_features': 1.0, 'min_samples_leaf': 5, 'n_estimators': 300})
2026-02-09 16:52:40,564:INFO:Checking exceptions
2026-02-09 16:52:40,564:INFO:Importing libraries
2026-02-09 16:52:40,564:INFO:Copying training dataset
2026-02-09 16:52:40,567:INFO:Defining folds
2026-02-09 16:52:40,567:INFO:Declaring metric variables
2026-02-09 16:52:40,567:INFO:Importing untrained model
2026-02-09 16:52:40,567:INFO:Declaring custom model
2026-02-09 16:52:40,567:INFO:Random Forest Regressor Imported successfully
2026-02-09 16:52:40,567:INFO:Starting cross validation
2026-02-09 16:52:40,568:INFO:Cross validating with KFold(n_splits=5, random_state=None, shuffle=False), n_jobs=-1
2026-02-09 16:52:40,923:INFO:Calculating mean and std
2026-02-09 16:52:40,923:INFO:Creating metrics dataframe
2026-02-09 16:52:40,924:INFO:Finalizing model
2026-02-09 16:52:41,147:INFO:Uploading results into container
2026-02-09 16:52:41,147:INFO:Uploading model into container now
2026-02-09 16:52:41,147:INFO:_master_model_container: 5
2026-02-09 16:52:41,147:INFO:_display_container: 5
2026-02-09 16:52:41,147:INFO:RandomForestRegressor(min_samples_leaf=5, n_estimators=300, n_jobs=-1,
                      random_state=52)
2026-02-09 16:52:41,147:INFO:create_model() successfully completed......................................
2026-02-09 16:52:41,236:INFO:SubProcess create_model() end ==================================
2026-02-09 16:52:41,236:INFO:choose_better activated
2026-02-09 16:52:41,236:INFO:SubProcess create_model() called ==================================
2026-02-09 16:52:41,236:INFO:Initializing create_model()
2026-02-09 16:52:41,236:INFO:create_model(self=<pycaret.regression.oop.RegressionExperiment object at 0x0000015D6808D310>, estimator=RandomForestRegressor(n_jobs=-1, random_state=52), fold=KFold(n_splits=5, random_state=None, shuffle=False), round=4, cross_validation=True, predict=True, fit_kwargs={}, groups=None, refit=True, probability_threshold=None, experiment_custom_tags=None, verbose=False, system=False, add_to_model_list=True, metrics=None, display=None, model_only=True, return_train_score=False, error_score=0.0, kwargs={})
2026-02-09 16:52:41,236:INFO:Checking exceptions
2026-02-09 16:52:41,238:INFO:Importing libraries
2026-02-09 16:52:41,238:INFO:Copying training dataset
2026-02-09 16:52:41,240:INFO:Defining folds
2026-02-09 16:52:41,240:INFO:Declaring metric variables
2026-02-09 16:52:41,240:INFO:Importing untrained model
2026-02-09 16:52:41,240:INFO:Declaring custom model
2026-02-09 16:52:41,240:INFO:Random Forest Regressor Imported successfully
2026-02-09 16:52:41,240:INFO:Starting cross validation
2026-02-09 16:52:41,243:INFO:Cross validating with KFold(n_splits=5, random_state=None, shuffle=False), n_jobs=-1
2026-02-09 16:52:41,503:INFO:Calculating mean and std
2026-02-09 16:52:41,503:INFO:Creating metrics dataframe
2026-02-09 16:52:41,504:INFO:Finalizing model
2026-02-09 16:52:41,596:INFO:Uploading results into container
2026-02-09 16:52:41,597:INFO:Uploading model into container now
2026-02-09 16:52:41,597:INFO:_master_model_container: 6
2026-02-09 16:52:41,597:INFO:_display_container: 6
2026-02-09 16:52:41,597:INFO:RandomForestRegressor(n_jobs=-1, random_state=52)
2026-02-09 16:52:41,597:INFO:create_model() successfully completed......................................
2026-02-09 16:52:41,723:INFO:SubProcess create_model() end ==================================
2026-02-09 16:52:41,724:INFO:RandomForestRegressor(n_jobs=-1, random_state=52) result for RMSE is 0.2214
2026-02-09 16:52:41,724:INFO:RandomForestRegressor(min_samples_leaf=5, n_estimators=300, n_jobs=-1,
                      random_state=52) result for RMSE is 0.2205
2026-02-09 16:52:41,724:INFO:RandomForestRegressor(min_samples_leaf=5, n_estimators=300, n_jobs=-1,
                      random_state=52) is best model
2026-02-09 16:52:41,724:INFO:choose_better completed
2026-02-09 16:52:41,725:INFO:_master_model_container: 6
2026-02-09 16:52:41,725:INFO:_display_container: 5
2026-02-09 16:52:41,725:INFO:RandomForestRegressor(min_samples_leaf=5, n_estimators=300, n_jobs=-1,
                      random_state=52)
2026-02-09 16:52:41,725:INFO:tune_model() successfully completed......................................
2026-02-09 16:54:43,843:INFO:Initializing evaluate_model()
2026-02-09 16:54:43,843:INFO:evaluate_model(self=<pycaret.regression.oop.RegressionExperiment object at 0x0000015D6808D310>, estimator=RandomForestRegressor(min_samples_leaf=5, n_estimators=300, n_jobs=-1,
                      random_state=52), fold=None, fit_kwargs=None, plot_kwargs=None, feature_name=None, groups=None)
2026-02-09 16:54:43,849:INFO:Initializing plot_model()
2026-02-09 16:54:43,850:INFO:plot_model(self=<pycaret.regression.oop.RegressionExperiment object at 0x0000015D6808D310>, estimator=RandomForestRegressor(min_samples_leaf=5, n_estimators=300, n_jobs=-1,
                      random_state=52), plot=pipeline, scale=1, save=False, fold=KFold(n_splits=5, random_state=None, shuffle=False), fit_kwargs={}, plot_kwargs=None, groups=None, feature_name=None, label=False, verbose=False, system=True, display=None, display_format=None)
2026-02-09 16:54:43,850:INFO:Checking exceptions
2026-02-09 16:54:43,879:INFO:Preloading libraries
2026-02-09 16:54:43,891:INFO:Copying training dataset
2026-02-09 16:54:43,891:INFO:Plot type: pipeline
2026-02-09 16:54:44,033:INFO:Visual Rendered Successfully
2026-02-09 16:54:44,121:INFO:plot_model() successfully completed......................................
2026-02-09 16:54:49,973:INFO:Initializing plot_model()
2026-02-09 16:54:49,973:INFO:plot_model(self=<pycaret.regression.oop.RegressionExperiment object at 0x0000015D6808D310>, estimator=RandomForestRegressor(min_samples_leaf=5, n_estimators=300, n_jobs=-1,
                      random_state=52), plot=parameter, scale=1, save=False, fold=KFold(n_splits=5, random_state=None, shuffle=False), fit_kwargs={}, plot_kwargs=None, groups=None, feature_name=None, label=False, verbose=False, system=True, display=None, display_format=None)
2026-02-09 16:54:49,973:INFO:Checking exceptions
2026-02-09 16:54:49,988:INFO:Preloading libraries
2026-02-09 16:54:49,997:INFO:Copying training dataset
2026-02-09 16:54:49,997:INFO:Plot type: parameter
2026-02-09 16:54:49,999:INFO:Visual Rendered Successfully
2026-02-09 16:54:50,144:INFO:plot_model() successfully completed......................................
2026-02-09 16:56:41,155:INFO:Initializing interpret_model()
2026-02-09 16:56:41,155:INFO:interpret_model(self=<pycaret.regression.oop.RegressionExperiment object at 0x0000015D6808D310>, estimator=RandomForestRegressor(min_samples_leaf=5, n_estimators=300, n_jobs=-1,
                      random_state=52), plot=summary, feature=None, observation=None, use_train_data=True, X_new_sample=None, y_new_sample=None, save=False, kwargs={})
2026-02-09 16:56:41,156:INFO:Checking exceptions
2026-02-09 16:56:41,156:INFO:Soft dependency imported: shap: 0.49.1
2026-02-09 16:56:41,189:INFO:plot type: summary
2026-02-09 16:56:41,189:INFO:Creating TreeExplainer
2026-02-09 16:56:41,197:INFO:Compiling shap values
2026-02-09 16:56:41,422:WARNING:c:\Users\itwill\AppData\Local\Programs\Python\Python311\Lib\site-packages\pycaret\internal\pycaret_experiment\supervised_experiment.py:4145: FutureWarning: The NumPy global RNG was seeded by calling `np.random.seed`. In a future version this function will no longer use the global RNG. Pass `rng` explicitly to opt-in to the new behaviour and silence this warning.
  shap_plot = shap.summary_plot(shap_values, test_X, show=show, **kwargs)

2026-02-09 16:56:41,691:INFO:Visual Rendered Successfully
2026-02-09 16:56:41,692:INFO:interpret_model() successfully completed......................................
2026-02-09 16:57:38,396:INFO:Initializing interpret_model()
2026-02-09 16:57:38,396:INFO:interpret_model(self=<pycaret.regression.oop.RegressionExperiment object at 0x0000015D6808D310>, estimator=RandomForestRegressor(min_samples_leaf=5, n_estimators=300, n_jobs=-1,
                      random_state=52), plot=correlation, feature=temperature, observation=None, use_train_data=True, X_new_sample=None, y_new_sample=None, save=False, kwargs={})
2026-02-09 16:57:38,396:INFO:Checking exceptions
2026-02-09 16:57:38,396:INFO:Soft dependency imported: shap: 0.49.1
2026-02-09 16:57:38,429:INFO:plot type: correlation
2026-02-09 16:57:38,429:WARNING:feature value passed. Feature used for correlation plot: temperature
2026-02-09 16:57:38,429:INFO:Creating TreeExplainer
2026-02-09 16:57:38,435:INFO:Compiling shap values
2026-02-09 16:57:38,656:INFO:model type detected: type 2
2026-02-09 16:57:38,796:INFO:Visual Rendered Successfully
2026-02-09 16:57:38,796:INFO:interpret_model() successfully completed......................................
2026-02-09 17:03:44,480:INFO:Initializing get_config()
2026-02-09 17:03:44,481:INFO:get_config(self=<pycaret.regression.oop.RegressionExperiment object at 0x0000015D6808D310>, variable=X)
2026-02-09 17:03:44,484:INFO:Variable:  returned as             visitors  avg_price  marketing_cost  delivery_ratio  rain_mm  \
date                                                                       
2024-06-11       129       8590           8.987           0.410    2.028   
2024-06-20       115      22020           8.412           0.380    2.219   
2024-08-25       115      14630           9.457           0.490    2.251   
2024-11-22       137      16830           8.810           0.380    1.194   
2024-12-30       106      13370           8.537           0.480    2.197   
...              ...        ...             ...             ...      ...   
2024-03-20       122      11410           9.589           0.410    2.322   
2024-10-20       116      16050           8.390           0.530    1.841   
2024-11-23       133      14910           8.576           0.260    1.163   
2024-07-23       120      14680           8.189           0.530    1.825   
2024-11-18       129       9970           8.975           0.400    2.303   

            temperature  holiday  weekend  
date                                       
2024-06-11       14.200        0        0  
2024-06-20        8.000        0        0  
2024-08-25       -2.900        1        1  
2024-11-22        0.700        0        0  
2024-12-30        9.600        0        0  
...                 ...      ...      ...  
2024-03-20       26.000        0        0  
2024-10-20       -5.800        1        1  
2024-11-23       -1.400        1        1  
2024-07-23        2.600        0        0  
2024-11-18       -2.000        0        0  

[353 rows x 8 columns]
2026-02-09 17:03:44,484:INFO:get_config() successfully completed......................................
2026-02-09 17:03:44,485:INFO:Initializing get_config()
2026-02-09 17:03:44,485:INFO:get_config(self=<pycaret.regression.oop.RegressionExperiment object at 0x0000015D6808D310>, variable=y)
2026-02-09 17:03:44,486:INFO:Variable:  returned as date
2024-06-11   16.142
2024-06-20   15.944
2024-08-25   16.580
2024-11-22   16.408
2024-12-30   16.235
              ...  
2024-03-20   16.246
2024-10-20   16.988
2024-11-23   16.865
2024-07-23   16.111
2024-11-18   15.904
Name: sales, Length: 353, dtype: float32
2026-02-09 17:03:44,486:INFO:get_config() successfully completed......................................
2026-02-09 17:03:44,486:INFO:Initializing get_config()
2026-02-09 17:03:44,486:INFO:get_config(self=<pycaret.regression.oop.RegressionExperiment object at 0x0000015D6808D310>, variable=X_train)
2026-02-09 17:03:44,487:INFO:Variable: 'X_train' used to return the transformed values in PyCaret 2.x. From PyCaret 3.x, this will return the raw values. If you need the transformed values, call get_config with 'X_train_transformed' instead.
2026-02-09 17:03:44,487:WARNING:c:\Users\itwill\AppData\Local\Programs\Python\Python311\Lib\site-packages\pycaret\internal\pycaret_experiment\pycaret_experiment.py:321: UserWarning: Variable: 'X_train' used to return the transformed values in PyCaret 2.x. From PyCaret 3.x, this will return the raw values. If you need the transformed values, call get_config with 'X_train_transformed' instead.
  warnings.warn(msg)  # print on screen

2026-02-09 17:03:44,490:INFO:Variable:  returned as             visitors  avg_price  marketing_cost  delivery_ratio  rain_mm  \
date                                                                       
2024-06-11       129       8590           8.987           0.410    2.028   
2024-06-20       115      22020           8.412           0.380    2.219   
2024-08-25       115      14630           9.457           0.490    2.251   
2024-11-22       137      16830           8.810           0.380    1.194   
2024-12-30       106      13370           8.537           0.480    2.197   
...              ...        ...             ...             ...      ...   
2024-03-30       123      13930           7.901           0.530    2.015   
2024-06-04       114      25370           8.700           0.510    1.589   
2024-01-14       101      11620           8.319           0.210    0.916   
2024-10-05        98      17270           8.269           0.280    1.335   
2024-06-10       109      15710           8.700           0.540    1.758   

            temperature  holiday  weekend  
date                                       
2024-06-11       14.200        0        0  
2024-06-20        8.000        0        0  
2024-08-25       -2.900        1        1  
2024-11-22        0.700        0        0  
2024-12-30        9.600        0        0  
...                 ...      ...      ...  
2024-03-30       27.700        1        1  
2024-06-04       11.400        0        0  
2024-01-14       12.900        1        1  
2024-10-05       -5.900        1        1  
2024-06-10       11.600        0        0  

[264 rows x 8 columns]
2026-02-09 17:03:44,490:INFO:get_config() successfully completed......................................
2026-02-09 17:03:44,490:INFO:Initializing get_config()
2026-02-09 17:03:44,490:INFO:get_config(self=<pycaret.regression.oop.RegressionExperiment object at 0x0000015D6808D310>, variable=y_train)
2026-02-09 17:03:44,490:INFO:Variable: 'y_train' used to return the transformed values in PyCaret 2.x. From PyCaret 3.x, this will return the raw values. If you need the transformed values, call get_config with 'y_train_transformed' instead.
2026-02-09 17:03:44,490:WARNING:c:\Users\itwill\AppData\Local\Programs\Python\Python311\Lib\site-packages\pycaret\internal\pycaret_experiment\pycaret_experiment.py:321: UserWarning: Variable: 'y_train' used to return the transformed values in PyCaret 2.x. From PyCaret 3.x, this will return the raw values. If you need the transformed values, call get_config with 'y_train_transformed' instead.
  warnings.warn(msg)  # print on screen

2026-02-09 17:03:44,493:INFO:Variable:  returned as date
2024-06-11   16.142
2024-06-20   15.944
2024-08-25   16.580
2024-11-22   16.408
2024-12-30   16.235
              ...  
2024-03-30   16.420
2024-06-04   16.372
2024-01-14   16.631
2024-10-05   16.479
2024-06-10   15.976
Name: sales, Length: 264, dtype: float32
2026-02-09 17:03:44,493:INFO:get_config() successfully completed......................................
2026-02-09 17:03:44,493:INFO:Initializing get_config()
2026-02-09 17:03:44,493:INFO:get_config(self=<pycaret.regression.oop.RegressionExperiment object at 0x0000015D6808D310>, variable=X_test)
2026-02-09 17:03:44,493:INFO:Variable: 'X_test' used to return the transformed values in PyCaret 2.x. From PyCaret 3.x, this will return the raw values. If you need the transformed values, call get_config with 'X_test_transformed' instead.
2026-02-09 17:03:44,494:WARNING:c:\Users\itwill\AppData\Local\Programs\Python\Python311\Lib\site-packages\pycaret\internal\pycaret_experiment\pycaret_experiment.py:321: UserWarning: Variable: 'X_test' used to return the transformed values in PyCaret 2.x. From PyCaret 3.x, this will return the raw values. If you need the transformed values, call get_config with 'X_test_transformed' instead.
  warnings.warn(msg)  # print on screen

2026-02-09 17:03:44,496:INFO:Variable:  returned as             visitors  avg_price  marketing_cost  delivery_ratio  rain_mm  \
date                                                                       
2024-07-06       119      10750           9.781           0.510    1.946   
2024-02-18       129      20280           8.594           0.480    2.163   
2024-05-14       101      15370           9.116           0.420    1.856   
2024-02-05       121      12660           9.297           0.730    1.758   
2024-05-20       113      14930           8.189           0.460    0.588   
2024-04-04       137      15100           8.683           0.500    1.435   
2024-11-14       110       9530           8.962           0.470    0.916   
2024-12-25       131      17110           8.576           0.470    2.534   
2024-07-03       118      11580           8.343           0.340    2.001   
2024-05-10       123      13320           7.824           0.580    0.875   
2024-05-29       120      17660          10.469           0.590    1.526   
2024-05-22       125      13400           8.477           0.370    1.482   
2024-06-18       110      13100           8.949           0.410    1.609   
2024-02-19       115      15900           9.511           0.430    1.030   
2024-10-31       118      16190           8.825           0.450    0.875   
2024-05-12       111      21280           7.938           0.430    0.405   
2024-12-26       105      13520           7.650           0.350    1.361   
2024-04-06       138      19640           7.496           0.560    1.758   
2024-07-09       123      13360           9.417           0.410    1.030   
2024-04-08       134      21740           8.882           0.470    2.493   
2024-10-18       127      12230           8.868           0.530    2.313   
2024-11-04       115      12040           9.852           0.410    0.262   
2024-08-27       137      19300           8.854           0.650    2.728   
2024-08-20       121      15340           8.390           0.330    1.775   
2024-01-07       123      15650           9.000           0.340    1.960   
2024-12-21       126      16070           8.716           0.470    1.065   
2024-04-27       107      18080           9.259           0.400    2.092   
2024-04-26       135      16750           8.764           0.520    0.405   
2024-12-10       115      16150           9.759           0.580    1.569   
2024-12-20        95      10470           8.896           0.620    0.470   
2024-10-07       118      18510           7.439           0.470    2.501   
2024-06-13       110      10320           8.367           0.180    2.342   
2024-07-30       128      18780           8.839           0.350    1.917   
2024-01-25       109      21320           8.132           0.510    0.405   
2024-01-26       125      15180           8.683           0.510    0.262   
2024-08-22       134      15460           9.048           0.500    0.642   
2024-02-14       119      18750           8.716           0.310    2.754   
2024-02-24       130      10560           8.161           0.410    1.932   
2024-03-03       128      20720           8.975           0.510    1.872   
2024-01-01       122      14490           9.200           0.480    1.946   
2024-03-05       125      14170           8.764           0.420    2.054   
2024-07-16       124      15420           8.517           0.390    2.272   
2024-05-05       139      15410           9.350           0.470    2.175   
2024-01-22       134      20040           8.748           0.440    0.916   
2024-06-21       111      18530           9.324           0.550    0.993   
2024-02-29       127      13470           9.127           0.460    1.589   
2024-11-30       101      20060           8.909           0.180    2.067   
2024-07-13       127      21930           8.319           0.490    1.686   
2024-06-05       126      20820           9.770           0.610    1.988   
2024-06-03       134      15240           8.780           0.640    2.054   
2024-09-24       116      15550           8.949           0.450    0.531   
2024-09-22       117      14400           9.333           0.410    1.856   
2024-11-28       100      17460           9.083           0.450    1.705   
2024-04-07       113      16610           9.629           0.260    1.887   
2024-11-20       114      16500           8.825           0.500    2.197   
2024-09-01       129      17790           9.240           0.260    1.131   
2024-03-19       116      15340           8.923           0.460    2.219   
2024-01-02       106      11880           9.149           0.480    2.079   
2024-09-04       118      23040           8.613           0.400    1.253   
2024-01-03       120      18010           8.666           0.430    2.595   
2024-03-01       119      13590          10.296           0.470    1.856   
2024-04-17       126      16260           8.594           0.710    2.262   
2024-09-18       129      11940           8.007           0.230    2.821   
2024-07-10       133       7290           8.102           0.470    2.219   
2024-05-18       109      17420           9.071           0.360    0.470   
2024-09-10       105      15950           9.116           0.390    2.197   
2024-03-22       112      13750           8.132           0.390    2.351   
2024-05-21       100      17360           9.190           0.340    2.140   
2024-01-12       109      13800           8.613           0.540    1.649   
2024-12-18       124      23560           8.839           0.330    2.851   
2024-10-08       129      15060           8.243           0.350    1.194   
2024-01-28       121      11040           8.648           0.350    1.775   
2024-09-21       109      21480           8.294           0.390    2.262   
2024-01-29       124      10900           8.962           0.510    1.131   
2024-10-17       113      19570           9.297           0.470    0.833   
2024-02-15       127      11510           8.517           0.460    0.405   
2024-10-21       116      11210           8.477           0.750    2.468   
2024-05-16       113      12170           8.666           0.170    1.526   
2024-07-24       126      13610           8.882           0.770    1.526   
2024-06-16       125       8920           8.987           0.320    0.405   
2024-08-15       126      13090           8.071           0.410    2.251   
2024-02-07       129      13540           7.901           0.330    0.642   
2024-01-09       109      17550           8.537           0.490    1.758   
2024-10-01       124      11850          10.853           0.580    1.740   
2024-03-20       122      11410           9.589           0.410    2.322   
2024-10-20       116      16050           8.390           0.530    1.841   
2024-11-23       133      14910           8.576           0.260    1.163   
2024-07-23       120      14680           8.189           0.530    1.825   
2024-11-18       129       9970           8.975           0.400    2.303   

            temperature  holiday  weekend  
date                                       
2024-07-06        8.900        1        1  
2024-02-18       22.700        1        1  
2024-05-14       26.500        0        0  
2024-02-05       18.100        0        0  
2024-05-20       20.400        0        0  
2024-04-04       24.300        1        0  
2024-11-14       -1.500        0        0  
2024-12-25        8.100        0        0  
2024-07-03        8.500        0        0  
2024-05-10       22.400        0        0  
2024-05-29       19.000        0        0  
2024-05-22       22.500        0        0  
2024-06-18       11.900        0        0  
2024-02-19       21.600        0        0  
2024-10-31       -3.900        0        0  
2024-05-12       18.600        1        1  
2024-12-26        2.700        0        0  
2024-04-06       24.400        1        1  
2024-07-09        5.900        0        0  
2024-04-08       24.900        0        0  
2024-10-18       -3.500        0        0  
2024-11-04       -0.700        0        0  
2024-08-27       -3.600        0        0  
2024-08-20       -3.000        0        0  
2024-01-07       15.100        1        1  
2024-12-21        8.400        1        1  
2024-04-27       24.600        1        1  
2024-04-26       22.300        0        0  
2024-12-10        3.500        0        0  
2024-12-20        5.000        0        0  
2024-10-07       -1.600        0        0  
2024-06-13       10.700        0        0  
2024-07-30        0.400        0        0  
2024-01-25       15.500        0        0  
2024-01-26       17.300        0        0  
2024-08-22       -2.500        0        0  
2024-02-14       19.100        0        0  
2024-02-24       23.400        1        1  
2024-03-03       21.800        1        1  
2024-01-01        5.200        0        0  
2024-03-05       24.200        0        0  
2024-07-16        2.800        0        0  
2024-05-05       20.400        1        1  
2024-01-22       14.300        0        0  
2024-06-21       11.900        1        0  
2024-02-29       21.100        0        0  
2024-11-30        3.500        1        1  
2024-07-13        8.600        1        1  
2024-06-05       16.600        0        0  
2024-06-03       14.700        0        0  
2024-09-24       -4.900        0        0  
2024-09-22       -4.500        1        1  
2024-11-28        0.500        0        0  
2024-04-07       27.600        1        1  
2024-11-20        0.400        1        0  
2024-09-01       -5.400        1        1  
2024-03-19       25.700        0        0  
2024-01-02       11.100        0        0  
2024-09-04       -4.800        0        0  
2024-01-03       12.900        1        0  
2024-03-01       25.800        0        0  
2024-04-17       25.300        0        0  
2024-09-18       -3.300        0        0  
2024-07-10       10.100        0        0  
2024-05-18       20.200        1        1  
2024-09-10       -4.300        0        0  
2024-03-22       22.300        0        0  
2024-05-21       16.400        0        0  
2024-01-12       15.000        0        0  
2024-12-18        7.700        0        0  
2024-10-08       -4.000        0        0  
2024-01-28       14.900        1        1  
2024-09-21       -4.700        1        1  
2024-01-29       14.100        0        0  
2024-10-17       -4.200        0        0  
2024-02-15       19.900        1        0  
2024-10-21       -6.600        0        0  
2024-05-16       22.300        0        0  
2024-07-24        2.200        0        0  
2024-06-16       13.900        1        1  
2024-08-15       -0.400        0        0  
2024-02-07       15.700        0        0  
2024-01-09       10.500        0        0  
2024-10-01       -7.800        0        0  
2024-03-20       26.000        0        0  
2024-10-20       -5.800        1        1  
2024-11-23       -1.400        1        1  
2024-07-23        2.600        0        0  
2024-11-18       -2.000        0        0  
2026-02-09 17:03:44,496:INFO:get_config() successfully completed......................................
2026-02-09 17:03:44,497:INFO:Initializing get_config()
2026-02-09 17:03:44,497:INFO:get_config(self=<pycaret.regression.oop.RegressionExperiment object at 0x0000015D6808D310>, variable=y_test)
2026-02-09 17:03:44,497:INFO:Variable: 'y_test' used to return the transformed values in PyCaret 2.x. From PyCaret 3.x, this will return the raw values. If you need the transformed values, call get_config with 'y_test_transformed' instead.
2026-02-09 17:03:44,497:WARNING:c:\Users\itwill\AppData\Local\Programs\Python\Python311\Lib\site-packages\pycaret\internal\pycaret_experiment\pycaret_experiment.py:321: UserWarning: Variable: 'y_test' used to return the transformed values in PyCaret 2.x. From PyCaret 3.x, this will return the raw values. If you need the transformed values, call get_config with 'y_test_transformed' instead.
  warnings.warn(msg)  # print on screen

2026-02-09 17:03:44,498:INFO:Variable:  returned as date
2024-07-06   16.911
2024-02-18   16.891
2024-05-14   16.175
2024-02-05   16.495
2024-05-20   16.135
2024-04-04   16.403
2024-11-14   16.214
2024-12-25   16.303
2024-07-03   15.995
2024-05-10   16.144
2024-05-29   16.454
2024-05-22   16.189
2024-06-18   16.081
2024-02-19   16.987
2024-10-31   16.215
2024-05-12   16.930
2024-12-26   16.080
2024-04-06   16.701
2024-07-09   16.390
2024-04-08   16.023
2024-10-18   15.932
2024-11-04   16.367
2024-08-27   16.202
2024-08-20   16.356
2024-01-07   16.629
2024-12-21   16.852
2024-04-27   16.410
2024-04-26   16.188
2024-12-10   16.578
2024-12-20   15.998
2024-10-07   15.711
2024-06-13   16.191
2024-07-30   16.465
2024-01-25   16.120
2024-01-26   16.606
2024-08-22   16.421
2024-02-14   16.029
2024-02-24   16.550
2024-03-03   16.857
2024-01-01   16.169
2024-03-05   15.846
2024-07-16   15.784
2024-05-05   16.827
2024-01-22   16.504
2024-06-21   16.400
2024-02-29   16.809
2024-11-30   16.653
2024-07-13   17.301
2024-06-05   16.459
2024-06-03   16.252
2024-09-24   16.081
2024-09-22   17.004
2024-11-28   16.305
2024-04-07   17.413
2024-11-20   16.346
2024-09-01   17.150
2024-03-19   15.900
2024-01-02   16.005
2024-09-04   16.522
2024-01-03   16.354
2024-03-01   16.255
2024-04-17   16.031
2024-09-18   15.603
2024-07-10   15.727
2024-05-18   16.845
2024-09-10   16.386
2024-03-22   15.729
2024-05-21   16.328
2024-01-12   16.095
2024-12-18   16.088
2024-10-08   16.150
2024-01-28   16.471
2024-09-21   16.933
2024-01-29   16.377
2024-10-17   16.436
2024-02-15   16.455
2024-10-21   16.004
2024-05-16   16.516
2024-07-24   15.894
2024-06-16   16.906
2024-08-15   16.004
2024-02-07   16.266
2024-01-09   15.819
2024-10-01   16.455
2024-03-20   16.246
2024-10-20   16.988
2024-11-23   16.865
2024-07-23   16.111
2024-11-18   15.904
Name: sales, dtype: float32
2026-02-09 17:03:44,498:INFO:get_config() successfully completed......................................
2026-02-09 17:03:44,498:INFO:Initializing get_config()
2026-02-09 17:03:44,498:INFO:get_config(self=<pycaret.regression.oop.RegressionExperiment object at 0x0000015D6808D310>, variable=X_train_transformed)
2026-02-09 17:03:44,528:INFO:Variable: X_train returned as             visitors  avg_price  marketing_cost  delivery_ratio  rain_mm  \
date                                                                       
2024-06-11     0.916     -1.801           0.229          -0.296    0.594   
2024-06-20    -0.415      1.761          -0.740          -0.549    0.884   
2024-08-25    -0.415     -0.199           1.020           0.378    0.933   
2024-11-22     1.677      0.385          -0.070          -0.549   -0.675   
2024-12-30    -1.271     -0.533          -0.529           0.294    0.851   
...              ...        ...             ...             ...      ...   
2024-03-30     0.345     -0.384          -1.600           0.715    0.573   
2024-06-04    -0.510      2.650          -0.256           0.546   -0.074   
2024-01-14    -1.747     -0.997          -0.897          -1.981   -1.097   
2024-10-05    -2.032      0.502          -0.981          -1.392   -0.460   
2024-06-10    -0.986      0.088          -0.256           0.799    0.183   

            temperature  holiday  weekend  
date                                       
2024-06-11        0.406   -0.731   -0.653  
2024-06-20       -0.173   -0.731   -0.653  
2024-08-25       -1.191    1.367    1.530  
2024-11-22       -0.855   -0.731   -0.653  
2024-12-30       -0.023   -0.731   -0.653  
...                 ...      ...      ...  
2024-03-30        1.667    1.367    1.530  
2024-06-04        0.145   -0.731   -0.653  
2024-01-14        0.285    1.367    1.530  
2024-10-05       -1.471    1.367    1.530  
2024-06-10        0.163   -0.731   -0.653  

[264 rows x 8 columns]
2026-02-09 17:03:44,528:INFO:get_config() successfully completed......................................
2026-02-09 17:03:44,528:INFO:Initializing get_config()
2026-02-09 17:03:44,528:INFO:get_config(self=<pycaret.regression.oop.RegressionExperiment object at 0x0000015D6808D310>, variable=y_train_transformed)
2026-02-09 17:03:44,557:INFO:Variable: y_train returned as date
2024-06-11   16.142
2024-06-20   15.944
2024-08-25   16.580
2024-11-22   16.408
2024-12-30   16.235
              ...  
2024-03-30   16.420
2024-06-04   16.372
2024-01-14   16.631
2024-10-05   16.479
2024-06-10   15.976
Name: sales, Length: 264, dtype: float32
2026-02-09 17:03:44,557:INFO:get_config() successfully completed......................................
2026-02-09 17:03:44,557:INFO:Initializing get_config()
2026-02-09 17:03:44,557:INFO:get_config(self=<pycaret.regression.oop.RegressionExperiment object at 0x0000015D6808D310>, variable=X_test_transformed)
2026-02-09 17:03:44,572:INFO:Variable: X_test returned as             visitors  avg_price  marketing_cost  delivery_ratio  rain_mm  \
date                                                                       
2024-07-06    -0.035     -1.228           1.566           0.546    0.468   
2024-02-18     0.916      1.300          -0.433           0.294    0.799   
2024-05-14    -1.747     -0.002           0.446          -0.212    0.332   
2024-02-05     0.155     -0.721           0.749           2.400    0.183   
2024-05-20    -0.606     -0.119          -1.116           0.125   -1.597   
2024-04-04     1.677     -0.074          -0.284           0.462   -0.308   
2024-11-14    -0.891     -1.551           0.186           0.209   -1.097   
2024-12-25     1.106      0.459          -0.465           0.209    1.362   
2024-07-03    -0.130     -1.008          -0.856          -0.886    0.553   
2024-05-10     0.345     -0.546          -1.729           1.136   -1.159   
2024-05-29     0.060      0.605           2.723           1.221   -0.170   
2024-05-22     0.536     -0.525          -0.631          -0.633   -0.238   
2024-06-18    -0.891     -0.604           0.164          -0.296   -0.043   
2024-02-19    -0.415      0.138           1.110          -0.128   -0.925   
2024-10-31    -0.130      0.215          -0.045           0.041   -1.159   
2024-05-12    -0.796      1.565          -1.539          -0.128   -1.874   
2024-12-26    -1.366     -0.493          -2.023          -0.802   -0.421   
2024-04-06     1.772      1.130          -2.282           0.968    0.183   
2024-07-09     0.345     -0.535           0.953          -0.296   -0.925   
2024-04-08     1.392      1.687           0.051           0.209    1.301   
2024-10-18     0.726     -0.835           0.028           0.715    1.026   
2024-11-04    -0.415     -0.886           1.685          -0.296   -2.091   
2024-08-27     1.677      1.040           0.004           1.726    1.657   
2024-08-20     0.155     -0.010          -0.778          -0.970    0.209   
2024-01-07     0.345      0.072           0.250          -0.886    0.490   
2024-12-21     0.631      0.183          -0.228           0.209   -0.871   
2024-04-27    -1.176      0.716           0.687          -0.380    0.690   
2024-04-26     1.487      0.364          -0.147           0.631   -1.874   
2024-12-10    -0.415      0.205           1.527           1.136   -0.105   
2024-12-20    -2.318     -1.302           0.075           1.473   -1.776   
2024-10-07    -0.130      0.830          -2.379           0.209    1.313   
2024-06-13    -0.891     -1.342          -0.817          -2.234    1.070   
2024-07-30     0.821      0.902          -0.020          -0.802    0.424   
2024-01-25    -0.986      1.576          -1.212           0.546   -1.874   
2024-01-26     0.536     -0.053          -0.284           0.546   -2.091   
2024-08-22     1.392      0.022           0.331           0.462   -1.514   
2024-02-14    -0.035      0.894          -0.228          -1.139    1.697   
2024-02-24     1.011     -1.278          -1.163          -0.296    0.447   
2024-03-03     0.821      1.417           0.207           0.546    0.356   
2024-01-01     0.250     -0.236           0.587           0.294    0.468   
2024-03-05     0.536     -0.321          -0.147          -0.212    0.633   
2024-07-16     0.441      0.011          -0.563          -0.465    0.964   
2024-05-05     1.867      0.008           0.840           0.209    0.816   
2024-01-22     1.392      1.236          -0.174          -0.043   -1.097   
2024-06-21    -0.796      0.836           0.795           0.883   -0.980   
2024-02-29     0.726     -0.506           0.464           0.125   -0.074   
2024-11-30    -1.747      1.242           0.097          -2.234    0.652   
2024-07-13     0.726      1.738          -0.897           0.378    0.074   
2024-06-05     0.631      1.443           1.547           1.389    0.532   
2024-06-03     1.392     -0.037          -0.121           1.642    0.633   
2024-09-24    -0.320      0.045           0.164           0.041   -1.683   
2024-09-22    -0.225     -0.260           0.810          -0.296    0.332   
2024-11-28    -1.842      0.552           0.389           0.041    0.102   
2024-04-07    -0.606      0.327           1.309          -1.560    0.379   
2024-11-20    -0.510      0.297          -0.045           0.462    0.851   
2024-09-01     0.916      0.640           0.654          -1.560   -0.770   
2024-03-19    -0.320     -0.010           0.120           0.125    0.884   
2024-01-02    -1.271     -0.928           0.500           0.294    0.672   
2024-09-04    -0.130      2.032          -0.402          -0.380   -0.585   
2024-01-03     0.060      0.698          -0.313          -0.128    1.456   
2024-03-01    -0.035     -0.474           2.432           0.209    0.332   
2024-04-17     0.631      0.234          -0.433           2.232    0.949   
2024-09-18     0.916     -0.912          -1.423          -1.813    1.800   
2024-07-10     1.297     -2.145          -1.262           0.209    0.884   
2024-05-18    -0.986      0.541           0.370          -0.717   -1.776   
2024-09-10    -1.366      0.151           0.446          -0.465    0.851   
2024-03-22    -0.701     -0.432          -1.212          -0.465    1.085   
2024-05-21    -1.842      0.525           0.570          -0.886    0.764   
2024-01-12    -0.986     -0.419          -0.402           0.799    0.016   
2024-12-18     0.441      2.170          -0.020          -0.970    1.844   
2024-10-08     0.916     -0.085          -1.025          -0.802   -0.675   
2024-01-28     0.155     -1.151          -0.342          -0.802    0.209   
2024-09-21    -0.986      1.618          -0.938          -0.465    0.949   
2024-01-29     0.441     -1.188           0.186           0.546   -0.770   
2024-10-17    -0.606      1.112           0.749           0.209   -1.224   
2024-02-15     0.726     -1.026          -0.563           0.125   -1.874   
2024-10-21    -0.320     -1.106          -0.631           2.569    1.262   
2024-05-16    -0.606     -0.851          -0.313          -2.318   -0.170   
2024-07-24     0.631     -0.469           0.051           2.737   -0.170   
2024-06-16     0.536     -1.713           0.229          -1.055   -1.874   
2024-08-15     0.631     -0.607          -1.314          -0.296    0.933   
2024-02-07     0.916     -0.488          -1.600          -0.970   -1.514   
2024-01-09    -0.986      0.576          -0.529           0.378    0.183   
2024-10-01     0.441     -0.936           3.371           1.136    0.156   
2024-03-20     0.250     -1.053           1.242          -0.296    1.041   
2024-10-20    -0.320      0.178          -0.778           0.715    0.308   
2024-11-23     1.297     -0.124          -0.465          -1.560   -0.722   
2024-07-23     0.060     -0.185          -1.116           0.715    0.284   
2024-11-18     0.916     -1.435           0.207          -0.380    1.011   

            temperature  holiday  weekend  
date                                       
2024-07-06       -0.089    1.367    1.530  
2024-02-18        1.200    1.367    1.530  
2024-05-14        1.555   -0.731   -0.653  
2024-02-05        0.770   -0.731   -0.653  
2024-05-20        0.985   -0.731   -0.653  
2024-04-04        1.350    1.367   -0.653  
2024-11-14       -1.060   -0.731   -0.653  
2024-12-25       -0.163   -0.731   -0.653  
2024-07-03       -0.126   -0.731   -0.653  
2024-05-10        1.172   -0.731   -0.653  
2024-05-29        0.855   -0.731   -0.653  
2024-05-22        1.181   -0.731   -0.653  
2024-06-18        0.191   -0.731   -0.653  
2024-02-19        1.097   -0.731   -0.653  
2024-10-31       -1.284   -0.731   -0.653  
2024-05-12        0.817    1.367    1.530  
2024-12-26       -0.668   -0.731   -0.653  
2024-04-06        1.359    1.367    1.530  
2024-07-09       -0.369   -0.731   -0.653  
2024-04-08        1.406   -0.731   -0.653  
2024-10-18       -1.247   -0.731   -0.653  
2024-11-04       -0.985   -0.731   -0.653  
2024-08-27       -1.256   -0.731   -0.653  
2024-08-20       -1.200   -0.731   -0.653  
2024-01-07        0.490    1.367    1.530  
2024-12-21       -0.135    1.367    1.530  
2024-04-27        1.378    1.367    1.530  
2024-04-26        1.163   -0.731   -0.653  
2024-12-10       -0.593   -0.731   -0.653  
2024-12-20       -0.453   -0.731   -0.653  
2024-10-07       -1.069   -0.731   -0.653  
2024-06-13        0.079   -0.731   -0.653  
2024-07-30       -0.883   -0.731   -0.653  
2024-01-25        0.528   -0.731   -0.653  
2024-01-26        0.696   -0.731   -0.653  
2024-08-22       -1.153   -0.731   -0.653  
2024-02-14        0.864   -0.731   -0.653  
2024-02-24        1.265    1.367    1.530  
2024-03-03        1.116    1.367    1.530  
2024-01-01       -0.434   -0.731   -0.653  
2024-03-05        1.340   -0.731   -0.653  
2024-07-16       -0.658   -0.731   -0.653  
2024-05-05        0.985    1.367    1.530  
2024-01-22        0.416   -0.731   -0.653  
2024-06-21        0.191    1.367   -0.653  
2024-02-29        1.051   -0.731   -0.653  
2024-11-30       -0.593    1.367    1.530  
2024-07-13       -0.117    1.367    1.530  
2024-06-05        0.630   -0.731   -0.653  
2024-06-03        0.453   -0.731   -0.653  
2024-09-24       -1.378   -0.731   -0.653  
2024-09-22       -1.340    1.367    1.530  
2024-11-28       -0.873   -0.731   -0.653  
2024-04-07        1.658    1.367    1.530  
2024-11-20       -0.883    1.367   -0.653  
2024-09-01       -1.424    1.367    1.530  
2024-03-19        1.480   -0.731   -0.653  
2024-01-02        0.117   -0.731   -0.653  
2024-09-04       -1.368   -0.731   -0.653  
2024-01-03        0.285    1.367   -0.653  
2024-03-01        1.490   -0.731   -0.653  
2024-04-17        1.443   -0.731   -0.653  
2024-09-18       -1.228   -0.731   -0.653  
2024-07-10        0.023   -0.731   -0.653  
2024-05-18        0.967    1.367    1.530  
2024-09-10       -1.322   -0.731   -0.653  
2024-03-22        1.163   -0.731   -0.653  
2024-05-21        0.612   -0.731   -0.653  
2024-01-12        0.481   -0.731   -0.653  
2024-12-18       -0.201   -0.731   -0.653  
2024-10-08       -1.294   -0.731   -0.653  
2024-01-28        0.472    1.367    1.530  
2024-09-21       -1.359    1.367    1.530  
2024-01-29        0.397   -0.731   -0.653  
2024-10-17       -1.312   -0.731   -0.653  
2024-02-15        0.939    1.367   -0.653  
2024-10-21       -1.536   -0.731   -0.653  
2024-05-16        1.163   -0.731   -0.653  
2024-07-24       -0.714   -0.731   -0.653  
2024-06-16        0.378    1.367    1.530  
2024-08-15       -0.957   -0.731   -0.653  
2024-02-07        0.546   -0.731   -0.653  
2024-01-09        0.061   -0.731   -0.653  
2024-10-01       -1.648   -0.731   -0.653  
2024-03-20        1.508   -0.731   -0.653  
2024-10-20       -1.462    1.367    1.530  
2024-11-23       -1.051    1.367    1.530  
2024-07-23       -0.677   -0.731   -0.653  
2024-11-18       -1.107   -0.731   -0.653  
2026-02-09 17:03:44,572:INFO:get_config() successfully completed......................................
2026-02-09 17:03:44,572:INFO:Initializing get_config()
2026-02-09 17:03:44,572:INFO:get_config(self=<pycaret.regression.oop.RegressionExperiment object at 0x0000015D6808D310>, variable=y_test_transformed)
2026-02-09 17:03:44,605:INFO:Variable: y_test returned as date
2024-07-06   16.911
2024-02-18   16.891
2024-05-14   16.175
2024-02-05   16.495
2024-05-20   16.135
2024-04-04   16.403
2024-11-14   16.214
2024-12-25   16.303
2024-07-03   15.995
2024-05-10   16.144
2024-05-29   16.454
2024-05-22   16.189
2024-06-18   16.081
2024-02-19   16.987
2024-10-31   16.215
2024-05-12   16.930
2024-12-26   16.080
2024-04-06   16.701
2024-07-09   16.390
2024-04-08   16.023
2024-10-18   15.932
2024-11-04   16.367
2024-08-27   16.202
2024-08-20   16.356
2024-01-07   16.629
2024-12-21   16.852
2024-04-27   16.410
2024-04-26   16.188
2024-12-10   16.578
2024-12-20   15.998
2024-10-07   15.711
2024-06-13   16.191
2024-07-30   16.465
2024-01-25   16.120
2024-01-26   16.606
2024-08-22   16.421
2024-02-14   16.029
2024-02-24   16.550
2024-03-03   16.857
2024-01-01   16.169
2024-03-05   15.846
2024-07-16   15.784
2024-05-05   16.827
2024-01-22   16.504
2024-06-21   16.400
2024-02-29   16.809
2024-11-30   16.653
2024-07-13   17.301
2024-06-05   16.459
2024-06-03   16.252
2024-09-24   16.081
2024-09-22   17.004
2024-11-28   16.305
2024-04-07   17.413
2024-11-20   16.346
2024-09-01   17.150
2024-03-19   15.900
2024-01-02   16.005
2024-09-04   16.522
2024-01-03   16.354
2024-03-01   16.255
2024-04-17   16.031
2024-09-18   15.603
2024-07-10   15.727
2024-05-18   16.845
2024-09-10   16.386
2024-03-22   15.729
2024-05-21   16.328
2024-01-12   16.095
2024-12-18   16.088
2024-10-08   16.150
2024-01-28   16.471
2024-09-21   16.933
2024-01-29   16.377
2024-10-17   16.436
2024-02-15   16.455
2024-10-21   16.004
2024-05-16   16.516
2024-07-24   15.894
2024-06-16   16.906
2024-08-15   16.004
2024-02-07   16.266
2024-01-09   15.819
2024-10-01   16.455
2024-03-20   16.246
2024-10-20   16.988
2024-11-23   16.865
2024-07-23   16.111
2024-11-18   15.904
Name: sales, dtype: float32
2026-02-09 17:03:44,605:INFO:get_config() successfully completed......................................
2026-02-09 17:03:47,187:INFO:Initializing get_config()
2026-02-09 17:03:47,187:INFO:get_config(self=<pycaret.regression.oop.RegressionExperiment object at 0x0000015D6808D310>, variable=X)
2026-02-09 17:03:47,192:INFO:Variable:  returned as             visitors  avg_price  marketing_cost  delivery_ratio  rain_mm  \
date                                                                       
2024-06-11       129       8590           8.987           0.410    2.028   
2024-06-20       115      22020           8.412           0.380    2.219   
2024-08-25       115      14630           9.457           0.490    2.251   
2024-11-22       137      16830           8.810           0.380    1.194   
2024-12-30       106      13370           8.537           0.480    2.197   
...              ...        ...             ...             ...      ...   
2024-03-20       122      11410           9.589           0.410    2.322   
2024-10-20       116      16050           8.390           0.530    1.841   
2024-11-23       133      14910           8.576           0.260    1.163   
2024-07-23       120      14680           8.189           0.530    1.825   
2024-11-18       129       9970           8.975           0.400    2.303   

            temperature  holiday  weekend  
date                                       
2024-06-11       14.200        0        0  
2024-06-20        8.000        0        0  
2024-08-25       -2.900        1        1  
2024-11-22        0.700        0        0  
2024-12-30        9.600        0        0  
...                 ...      ...      ...  
2024-03-20       26.000        0        0  
2024-10-20       -5.800        1        1  
2024-11-23       -1.400        1        1  
2024-07-23        2.600        0        0  
2024-11-18       -2.000        0        0  

[353 rows x 8 columns]
2026-02-09 17:03:47,192:INFO:get_config() successfully completed......................................
2026-02-09 17:03:47,192:INFO:Initializing get_config()
2026-02-09 17:03:47,192:INFO:get_config(self=<pycaret.regression.oop.RegressionExperiment object at 0x0000015D6808D310>, variable=y)
2026-02-09 17:03:47,192:INFO:Variable:  returned as date
2024-06-11   16.142
2024-06-20   15.944
2024-08-25   16.580
2024-11-22   16.408
2024-12-30   16.235
              ...  
2024-03-20   16.246
2024-10-20   16.988
2024-11-23   16.865
2024-07-23   16.111
2024-11-18   15.904
Name: sales, Length: 353, dtype: float32
2026-02-09 17:03:47,193:INFO:get_config() successfully completed......................................
2026-02-09 17:03:47,193:INFO:Initializing get_config()
2026-02-09 17:03:47,193:INFO:get_config(self=<pycaret.regression.oop.RegressionExperiment object at 0x0000015D6808D310>, variable=X_train)
2026-02-09 17:03:47,193:INFO:Variable: 'X_train' used to return the transformed values in PyCaret 2.x. From PyCaret 3.x, this will return the raw values. If you need the transformed values, call get_config with 'X_train_transformed' instead.
2026-02-09 17:03:47,193:WARNING:c:\Users\itwill\AppData\Local\Programs\Python\Python311\Lib\site-packages\pycaret\internal\pycaret_experiment\pycaret_experiment.py:321: UserWarning: Variable: 'X_train' used to return the transformed values in PyCaret 2.x. From PyCaret 3.x, this will return the raw values. If you need the transformed values, call get_config with 'X_train_transformed' instead.
  warnings.warn(msg)  # print on screen

2026-02-09 17:03:47,196:INFO:Variable:  returned as             visitors  avg_price  marketing_cost  delivery_ratio  rain_mm  \
date                                                                       
2024-06-11       129       8590           8.987           0.410    2.028   
2024-06-20       115      22020           8.412           0.380    2.219   
2024-08-25       115      14630           9.457           0.490    2.251   
2024-11-22       137      16830           8.810           0.380    1.194   
2024-12-30       106      13370           8.537           0.480    2.197   
...              ...        ...             ...             ...      ...   
2024-03-30       123      13930           7.901           0.530    2.015   
2024-06-04       114      25370           8.700           0.510    1.589   
2024-01-14       101      11620           8.319           0.210    0.916   
2024-10-05        98      17270           8.269           0.280    1.335   
2024-06-10       109      15710           8.700           0.540    1.758   

            temperature  holiday  weekend  
date                                       
2024-06-11       14.200        0        0  
2024-06-20        8.000        0        0  
2024-08-25       -2.900        1        1  
2024-11-22        0.700        0        0  
2024-12-30        9.600        0        0  
...                 ...      ...      ...  
2024-03-30       27.700        1        1  
2024-06-04       11.400        0        0  
2024-01-14       12.900        1        1  
2024-10-05       -5.900        1        1  
2024-06-10       11.600        0        0  

[264 rows x 8 columns]
2026-02-09 17:03:47,196:INFO:get_config() successfully completed......................................
2026-02-09 17:03:47,197:INFO:Initializing get_config()
2026-02-09 17:03:47,197:INFO:get_config(self=<pycaret.regression.oop.RegressionExperiment object at 0x0000015D6808D310>, variable=y_train)
2026-02-09 17:03:47,197:INFO:Variable: 'y_train' used to return the transformed values in PyCaret 2.x. From PyCaret 3.x, this will return the raw values. If you need the transformed values, call get_config with 'y_train_transformed' instead.
2026-02-09 17:03:47,197:WARNING:c:\Users\itwill\AppData\Local\Programs\Python\Python311\Lib\site-packages\pycaret\internal\pycaret_experiment\pycaret_experiment.py:321: UserWarning: Variable: 'y_train' used to return the transformed values in PyCaret 2.x. From PyCaret 3.x, this will return the raw values. If you need the transformed values, call get_config with 'y_train_transformed' instead.
  warnings.warn(msg)  # print on screen

2026-02-09 17:03:47,198:INFO:Variable:  returned as date
2024-06-11   16.142
2024-06-20   15.944
2024-08-25   16.580
2024-11-22   16.408
2024-12-30   16.235
              ...  
2024-03-30   16.420
2024-06-04   16.372
2024-01-14   16.631
2024-10-05   16.479
2024-06-10   15.976
Name: sales, Length: 264, dtype: float32
2026-02-09 17:03:47,198:INFO:get_config() successfully completed......................................
2026-02-09 17:03:47,198:INFO:Initializing get_config()
2026-02-09 17:03:47,198:INFO:get_config(self=<pycaret.regression.oop.RegressionExperiment object at 0x0000015D6808D310>, variable=X_test)
2026-02-09 17:03:47,198:INFO:Variable: 'X_test' used to return the transformed values in PyCaret 2.x. From PyCaret 3.x, this will return the raw values. If you need the transformed values, call get_config with 'X_test_transformed' instead.
2026-02-09 17:03:47,198:WARNING:c:\Users\itwill\AppData\Local\Programs\Python\Python311\Lib\site-packages\pycaret\internal\pycaret_experiment\pycaret_experiment.py:321: UserWarning: Variable: 'X_test' used to return the transformed values in PyCaret 2.x. From PyCaret 3.x, this will return the raw values. If you need the transformed values, call get_config with 'X_test_transformed' instead.
  warnings.warn(msg)  # print on screen

2026-02-09 17:03:47,202:INFO:Variable:  returned as             visitors  avg_price  marketing_cost  delivery_ratio  rain_mm  \
date                                                                       
2024-07-06       119      10750           9.781           0.510    1.946   
2024-02-18       129      20280           8.594           0.480    2.163   
2024-05-14       101      15370           9.116           0.420    1.856   
2024-02-05       121      12660           9.297           0.730    1.758   
2024-05-20       113      14930           8.189           0.460    0.588   
2024-04-04       137      15100           8.683           0.500    1.435   
2024-11-14       110       9530           8.962           0.470    0.916   
2024-12-25       131      17110           8.576           0.470    2.534   
2024-07-03       118      11580           8.343           0.340    2.001   
2024-05-10       123      13320           7.824           0.580    0.875   
2024-05-29       120      17660          10.469           0.590    1.526   
2024-05-22       125      13400           8.477           0.370    1.482   
2024-06-18       110      13100           8.949           0.410    1.609   
2024-02-19       115      15900           9.511           0.430    1.030   
2024-10-31       118      16190           8.825           0.450    0.875   
2024-05-12       111      21280           7.938           0.430    0.405   
2024-12-26       105      13520           7.650           0.350    1.361   
2024-04-06       138      19640           7.496           0.560    1.758   
2024-07-09       123      13360           9.417           0.410    1.030   
2024-04-08       134      21740           8.882           0.470    2.493   
2024-10-18       127      12230           8.868           0.530    2.313   
2024-11-04       115      12040           9.852           0.410    0.262   
2024-08-27       137      19300           8.854           0.650    2.728   
2024-08-20       121      15340           8.390           0.330    1.775   
2024-01-07       123      15650           9.000           0.340    1.960   
2024-12-21       126      16070           8.716           0.470    1.065   
2024-04-27       107      18080           9.259           0.400    2.092   
2024-04-26       135      16750           8.764           0.520    0.405   
2024-12-10       115      16150           9.759           0.580    1.569   
2024-12-20        95      10470           8.896           0.620    0.470   
2024-10-07       118      18510           7.439           0.470    2.501   
2024-06-13       110      10320           8.367           0.180    2.342   
2024-07-30       128      18780           8.839           0.350    1.917   
2024-01-25       109      21320           8.132           0.510    0.405   
2024-01-26       125      15180           8.683           0.510    0.262   
2024-08-22       134      15460           9.048           0.500    0.642   
2024-02-14       119      18750           8.716           0.310    2.754   
2024-02-24       130      10560           8.161           0.410    1.932   
2024-03-03       128      20720           8.975           0.510    1.872   
2024-01-01       122      14490           9.200           0.480    1.946   
2024-03-05       125      14170           8.764           0.420    2.054   
2024-07-16       124      15420           8.517           0.390    2.272   
2024-05-05       139      15410           9.350           0.470    2.175   
2024-01-22       134      20040           8.748           0.440    0.916   
2024-06-21       111      18530           9.324           0.550    0.993   
2024-02-29       127      13470           9.127           0.460    1.589   
2024-11-30       101      20060           8.909           0.180    2.067   
2024-07-13       127      21930           8.319           0.490    1.686   
2024-06-05       126      20820           9.770           0.610    1.988   
2024-06-03       134      15240           8.780           0.640    2.054   
2024-09-24       116      15550           8.949           0.450    0.531   
2024-09-22       117      14400           9.333           0.410    1.856   
2024-11-28       100      17460           9.083           0.450    1.705   
2024-04-07       113      16610           9.629           0.260    1.887   
2024-11-20       114      16500           8.825           0.500    2.197   
2024-09-01       129      17790           9.240           0.260    1.131   
2024-03-19       116      15340           8.923           0.460    2.219   
2024-01-02       106      11880           9.149           0.480    2.079   
2024-09-04       118      23040           8.613           0.400    1.253   
2024-01-03       120      18010           8.666           0.430    2.595   
2024-03-01       119      13590          10.296           0.470    1.856   
2024-04-17       126      16260           8.594           0.710    2.262   
2024-09-18       129      11940           8.007           0.230    2.821   
2024-07-10       133       7290           8.102           0.470    2.219   
2024-05-18       109      17420           9.071           0.360    0.470   
2024-09-10       105      15950           9.116           0.390    2.197   
2024-03-22       112      13750           8.132           0.390    2.351   
2024-05-21       100      17360           9.190           0.340    2.140   
2024-01-12       109      13800           8.613           0.540    1.649   
2024-12-18       124      23560           8.839           0.330    2.851   
2024-10-08       129      15060           8.243           0.350    1.194   
2024-01-28       121      11040           8.648           0.350    1.775   
2024-09-21       109      21480           8.294           0.390    2.262   
2024-01-29       124      10900           8.962           0.510    1.131   
2024-10-17       113      19570           9.297           0.470    0.833   
2024-02-15       127      11510           8.517           0.460    0.405   
2024-10-21       116      11210           8.477           0.750    2.468   
2024-05-16       113      12170           8.666           0.170    1.526   
2024-07-24       126      13610           8.882           0.770    1.526   
2024-06-16       125       8920           8.987           0.320    0.405   
2024-08-15       126      13090           8.071           0.410    2.251   
2024-02-07       129      13540           7.901           0.330    0.642   
2024-01-09       109      17550           8.537           0.490    1.758   
2024-10-01       124      11850          10.853           0.580    1.740   
2024-03-20       122      11410           9.589           0.410    2.322   
2024-10-20       116      16050           8.390           0.530    1.841   
2024-11-23       133      14910           8.576           0.260    1.163   
2024-07-23       120      14680           8.189           0.530    1.825   
2024-11-18       129       9970           8.975           0.400    2.303   

            temperature  holiday  weekend  
date                                       
2024-07-06        8.900        1        1  
2024-02-18       22.700        1        1  
2024-05-14       26.500        0        0  
2024-02-05       18.100        0        0  
2024-05-20       20.400        0        0  
2024-04-04       24.300        1        0  
2024-11-14       -1.500        0        0  
2024-12-25        8.100        0        0  
2024-07-03        8.500        0        0  
2024-05-10       22.400        0        0  
2024-05-29       19.000        0        0  
2024-05-22       22.500        0        0  
2024-06-18       11.900        0        0  
2024-02-19       21.600        0        0  
2024-10-31       -3.900        0        0  
2024-05-12       18.600        1        1  
2024-12-26        2.700        0        0  
2024-04-06       24.400        1        1  
2024-07-09        5.900        0        0  
2024-04-08       24.900        0        0  
2024-10-18       -3.500        0        0  
2024-11-04       -0.700        0        0  
2024-08-27       -3.600        0        0  
2024-08-20       -3.000        0        0  
2024-01-07       15.100        1        1  
2024-12-21        8.400        1        1  
2024-04-27       24.600        1        1  
2024-04-26       22.300        0        0  
2024-12-10        3.500        0        0  
2024-12-20        5.000        0        0  
2024-10-07       -1.600        0        0  
2024-06-13       10.700        0        0  
2024-07-30        0.400        0        0  
2024-01-25       15.500        0        0  
2024-01-26       17.300        0        0  
2024-08-22       -2.500        0        0  
2024-02-14       19.100        0        0  
2024-02-24       23.400        1        1  
2024-03-03       21.800        1        1  
2024-01-01        5.200        0        0  
2024-03-05       24.200        0        0  
2024-07-16        2.800        0        0  
2024-05-05       20.400        1        1  
2024-01-22       14.300        0        0  
2024-06-21       11.900        1        0  
2024-02-29       21.100        0        0  
2024-11-30        3.500        1        1  
2024-07-13        8.600        1        1  
2024-06-05       16.600        0        0  
2024-06-03       14.700        0        0  
2024-09-24       -4.900        0        0  
2024-09-22       -4.500        1        1  
2024-11-28        0.500        0        0  
2024-04-07       27.600        1        1  
2024-11-20        0.400        1        0  
2024-09-01       -5.400        1        1  
2024-03-19       25.700        0        0  
2024-01-02       11.100        0        0  
2024-09-04       -4.800        0        0  
2024-01-03       12.900        1        0  
2024-03-01       25.800        0        0  
2024-04-17       25.300        0        0  
2024-09-18       -3.300        0        0  
2024-07-10       10.100        0        0  
2024-05-18       20.200        1        1  
2024-09-10       -4.300        0        0  
2024-03-22       22.300        0        0  
2024-05-21       16.400        0        0  
2024-01-12       15.000        0        0  
2024-12-18        7.700        0        0  
2024-10-08       -4.000        0        0  
2024-01-28       14.900        1        1  
2024-09-21       -4.700        1        1  
2024-01-29       14.100        0        0  
2024-10-17       -4.200        0        0  
2024-02-15       19.900        1        0  
2024-10-21       -6.600        0        0  
2024-05-16       22.300        0        0  
2024-07-24        2.200        0        0  
2024-06-16       13.900        1        1  
2024-08-15       -0.400        0        0  
2024-02-07       15.700        0        0  
2024-01-09       10.500        0        0  
2024-10-01       -7.800        0        0  
2024-03-20       26.000        0        0  
2024-10-20       -5.800        1        1  
2024-11-23       -1.400        1        1  
2024-07-23        2.600        0        0  
2024-11-18       -2.000        0        0  
2026-02-09 17:03:47,202:INFO:get_config() successfully completed......................................
2026-02-09 17:03:47,202:INFO:Initializing get_config()
2026-02-09 17:03:47,202:INFO:get_config(self=<pycaret.regression.oop.RegressionExperiment object at 0x0000015D6808D310>, variable=y_test)
2026-02-09 17:03:47,202:INFO:Variable: 'y_test' used to return the transformed values in PyCaret 2.x. From PyCaret 3.x, this will return the raw values. If you need the transformed values, call get_config with 'y_test_transformed' instead.
2026-02-09 17:03:47,202:WARNING:c:\Users\itwill\AppData\Local\Programs\Python\Python311\Lib\site-packages\pycaret\internal\pycaret_experiment\pycaret_experiment.py:321: UserWarning: Variable: 'y_test' used to return the transformed values in PyCaret 2.x. From PyCaret 3.x, this will return the raw values. If you need the transformed values, call get_config with 'y_test_transformed' instead.
  warnings.warn(msg)  # print on screen

2026-02-09 17:03:47,203:INFO:Variable:  returned as date
2024-07-06   16.911
2024-02-18   16.891
2024-05-14   16.175
2024-02-05   16.495
2024-05-20   16.135
2024-04-04   16.403
2024-11-14   16.214
2024-12-25   16.303
2024-07-03   15.995
2024-05-10   16.144
2024-05-29   16.454
2024-05-22   16.189
2024-06-18   16.081
2024-02-19   16.987
2024-10-31   16.215
2024-05-12   16.930
2024-12-26   16.080
2024-04-06   16.701
2024-07-09   16.390
2024-04-08   16.023
2024-10-18   15.932
2024-11-04   16.367
2024-08-27   16.202
2024-08-20   16.356
2024-01-07   16.629
2024-12-21   16.852
2024-04-27   16.410
2024-04-26   16.188
2024-12-10   16.578
2024-12-20   15.998
2024-10-07   15.711
2024-06-13   16.191
2024-07-30   16.465
2024-01-25   16.120
2024-01-26   16.606
2024-08-22   16.421
2024-02-14   16.029
2024-02-24   16.550
2024-03-03   16.857
2024-01-01   16.169
2024-03-05   15.846
2024-07-16   15.784
2024-05-05   16.827
2024-01-22   16.504
2024-06-21   16.400
2024-02-29   16.809
2024-11-30   16.653
2024-07-13   17.301
2024-06-05   16.459
2024-06-03   16.252
2024-09-24   16.081
2024-09-22   17.004
2024-11-28   16.305
2024-04-07   17.413
2024-11-20   16.346
2024-09-01   17.150
2024-03-19   15.900
2024-01-02   16.005
2024-09-04   16.522
2024-01-03   16.354
2024-03-01   16.255
2024-04-17   16.031
2024-09-18   15.603
2024-07-10   15.727
2024-05-18   16.845
2024-09-10   16.386
2024-03-22   15.729
2024-05-21   16.328
2024-01-12   16.095
2024-12-18   16.088
2024-10-08   16.150
2024-01-28   16.471
2024-09-21   16.933
2024-01-29   16.377
2024-10-17   16.436
2024-02-15   16.455
2024-10-21   16.004
2024-05-16   16.516
2024-07-24   15.894
2024-06-16   16.906
2024-08-15   16.004
2024-02-07   16.266
2024-01-09   15.819
2024-10-01   16.455
2024-03-20   16.246
2024-10-20   16.988
2024-11-23   16.865
2024-07-23   16.111
2024-11-18   15.904
Name: sales, dtype: float32
2026-02-09 17:03:47,204:INFO:get_config() successfully completed......................................
2026-02-09 17:03:47,204:INFO:Initializing get_config()
2026-02-09 17:03:47,204:INFO:get_config(self=<pycaret.regression.oop.RegressionExperiment object at 0x0000015D6808D310>, variable=X_train_transformed)
2026-02-09 17:03:47,229:INFO:Variable: X_train returned as             visitors  avg_price  marketing_cost  delivery_ratio  rain_mm  \
date                                                                       
2024-06-11     0.916     -1.801           0.229          -0.296    0.594   
2024-06-20    -0.415      1.761          -0.740          -0.549    0.884   
2024-08-25    -0.415     -0.199           1.020           0.378    0.933   
2024-11-22     1.677      0.385          -0.070          -0.549   -0.675   
2024-12-30    -1.271     -0.533          -0.529           0.294    0.851   
...              ...        ...             ...             ...      ...   
2024-03-30     0.345     -0.384          -1.600           0.715    0.573   
2024-06-04    -0.510      2.650          -0.256           0.546   -0.074   
2024-01-14    -1.747     -0.997          -0.897          -1.981   -1.097   
2024-10-05    -2.032      0.502          -0.981          -1.392   -0.460   
2024-06-10    -0.986      0.088          -0.256           0.799    0.183   

            temperature  holiday  weekend  
date                                       
2024-06-11        0.406   -0.731   -0.653  
2024-06-20       -0.173   -0.731   -0.653  
2024-08-25       -1.191    1.367    1.530  
2024-11-22       -0.855   -0.731   -0.653  
2024-12-30       -0.023   -0.731   -0.653  
...                 ...      ...      ...  
2024-03-30        1.667    1.367    1.530  
2024-06-04        0.145   -0.731   -0.653  
2024-01-14        0.285    1.367    1.530  
2024-10-05       -1.471    1.367    1.530  
2024-06-10        0.163   -0.731   -0.653  

[264 rows x 8 columns]
2026-02-09 17:03:47,229:INFO:get_config() successfully completed......................................
2026-02-09 17:03:47,229:INFO:Initializing get_config()
2026-02-09 17:03:47,229:INFO:get_config(self=<pycaret.regression.oop.RegressionExperiment object at 0x0000015D6808D310>, variable=y_train_transformed)
2026-02-09 17:03:47,273:INFO:Variable: y_train returned as date
2024-06-11   16.142
2024-06-20   15.944
2024-08-25   16.580
2024-11-22   16.408
2024-12-30   16.235
              ...  
2024-03-30   16.420
2024-06-04   16.372
2024-01-14   16.631
2024-10-05   16.479
2024-06-10   15.976
Name: sales, Length: 264, dtype: float32
2026-02-09 17:03:47,273:INFO:get_config() successfully completed......................................
2026-02-09 17:03:47,273:INFO:Initializing get_config()
2026-02-09 17:03:47,273:INFO:get_config(self=<pycaret.regression.oop.RegressionExperiment object at 0x0000015D6808D310>, variable=X_test_transformed)
2026-02-09 17:03:47,317:INFO:Variable: X_test returned as             visitors  avg_price  marketing_cost  delivery_ratio  rain_mm  \
date                                                                       
2024-07-06    -0.035     -1.228           1.566           0.546    0.468   
2024-02-18     0.916      1.300          -0.433           0.294    0.799   
2024-05-14    -1.747     -0.002           0.446          -0.212    0.332   
2024-02-05     0.155     -0.721           0.749           2.400    0.183   
2024-05-20    -0.606     -0.119          -1.116           0.125   -1.597   
2024-04-04     1.677     -0.074          -0.284           0.462   -0.308   
2024-11-14    -0.891     -1.551           0.186           0.209   -1.097   
2024-12-25     1.106      0.459          -0.465           0.209    1.362   
2024-07-03    -0.130     -1.008          -0.856          -0.886    0.553   
2024-05-10     0.345     -0.546          -1.729           1.136   -1.159   
2024-05-29     0.060      0.605           2.723           1.221   -0.170   
2024-05-22     0.536     -0.525          -0.631          -0.633   -0.238   
2024-06-18    -0.891     -0.604           0.164          -0.296   -0.043   
2024-02-19    -0.415      0.138           1.110          -0.128   -0.925   
2024-10-31    -0.130      0.215          -0.045           0.041   -1.159   
2024-05-12    -0.796      1.565          -1.539          -0.128   -1.874   
2024-12-26    -1.366     -0.493          -2.023          -0.802   -0.421   
2024-04-06     1.772      1.130          -2.282           0.968    0.183   
2024-07-09     0.345     -0.535           0.953          -0.296   -0.925   
2024-04-08     1.392      1.687           0.051           0.209    1.301   
2024-10-18     0.726     -0.835           0.028           0.715    1.026   
2024-11-04    -0.415     -0.886           1.685          -0.296   -2.091   
2024-08-27     1.677      1.040           0.004           1.726    1.657   
2024-08-20     0.155     -0.010          -0.778          -0.970    0.209   
2024-01-07     0.345      0.072           0.250          -0.886    0.490   
2024-12-21     0.631      0.183          -0.228           0.209   -0.871   
2024-04-27    -1.176      0.716           0.687          -0.380    0.690   
2024-04-26     1.487      0.364          -0.147           0.631   -1.874   
2024-12-10    -0.415      0.205           1.527           1.136   -0.105   
2024-12-20    -2.318     -1.302           0.075           1.473   -1.776   
2024-10-07    -0.130      0.830          -2.379           0.209    1.313   
2024-06-13    -0.891     -1.342          -0.817          -2.234    1.070   
2024-07-30     0.821      0.902          -0.020          -0.802    0.424   
2024-01-25    -0.986      1.576          -1.212           0.546   -1.874   
2024-01-26     0.536     -0.053          -0.284           0.546   -2.091   
2024-08-22     1.392      0.022           0.331           0.462   -1.514   
2024-02-14    -0.035      0.894          -0.228          -1.139    1.697   
2024-02-24     1.011     -1.278          -1.163          -0.296    0.447   
2024-03-03     0.821      1.417           0.207           0.546    0.356   
2024-01-01     0.250     -0.236           0.587           0.294    0.468   
2024-03-05     0.536     -0.321          -0.147          -0.212    0.633   
2024-07-16     0.441      0.011          -0.563          -0.465    0.964   
2024-05-05     1.867      0.008           0.840           0.209    0.816   
2024-01-22     1.392      1.236          -0.174          -0.043   -1.097   
2024-06-21    -0.796      0.836           0.795           0.883   -0.980   
2024-02-29     0.726     -0.506           0.464           0.125   -0.074   
2024-11-30    -1.747      1.242           0.097          -2.234    0.652   
2024-07-13     0.726      1.738          -0.897           0.378    0.074   
2024-06-05     0.631      1.443           1.547           1.389    0.532   
2024-06-03     1.392     -0.037          -0.121           1.642    0.633   
2024-09-24    -0.320      0.045           0.164           0.041   -1.683   
2024-09-22    -0.225     -0.260           0.810          -0.296    0.332   
2024-11-28    -1.842      0.552           0.389           0.041    0.102   
2024-04-07    -0.606      0.327           1.309          -1.560    0.379   
2024-11-20    -0.510      0.297          -0.045           0.462    0.851   
2024-09-01     0.916      0.640           0.654          -1.560   -0.770   
2024-03-19    -0.320     -0.010           0.120           0.125    0.884   
2024-01-02    -1.271     -0.928           0.500           0.294    0.672   
2024-09-04    -0.130      2.032          -0.402          -0.380   -0.585   
2024-01-03     0.060      0.698          -0.313          -0.128    1.456   
2024-03-01    -0.035     -0.474           2.432           0.209    0.332   
2024-04-17     0.631      0.234          -0.433           2.232    0.949   
2024-09-18     0.916     -0.912          -1.423          -1.813    1.800   
2024-07-10     1.297     -2.145          -1.262           0.209    0.884   
2024-05-18    -0.986      0.541           0.370          -0.717   -1.776   
2024-09-10    -1.366      0.151           0.446          -0.465    0.851   
2024-03-22    -0.701     -0.432          -1.212          -0.465    1.085   
2024-05-21    -1.842      0.525           0.570          -0.886    0.764   
2024-01-12    -0.986     -0.419          -0.402           0.799    0.016   
2024-12-18     0.441      2.170          -0.020          -0.970    1.844   
2024-10-08     0.916     -0.085          -1.025          -0.802   -0.675   
2024-01-28     0.155     -1.151          -0.342          -0.802    0.209   
2024-09-21    -0.986      1.618          -0.938          -0.465    0.949   
2024-01-29     0.441     -1.188           0.186           0.546   -0.770   
2024-10-17    -0.606      1.112           0.749           0.209   -1.224   
2024-02-15     0.726     -1.026          -0.563           0.125   -1.874   
2024-10-21    -0.320     -1.106          -0.631           2.569    1.262   
2024-05-16    -0.606     -0.851          -0.313          -2.318   -0.170   
2024-07-24     0.631     -0.469           0.051           2.737   -0.170   
2024-06-16     0.536     -1.713           0.229          -1.055   -1.874   
2024-08-15     0.631     -0.607          -1.314          -0.296    0.933   
2024-02-07     0.916     -0.488          -1.600          -0.970   -1.514   
2024-01-09    -0.986      0.576          -0.529           0.378    0.183   
2024-10-01     0.441     -0.936           3.371           1.136    0.156   
2024-03-20     0.250     -1.053           1.242          -0.296    1.041   
2024-10-20    -0.320      0.178          -0.778           0.715    0.308   
2024-11-23     1.297     -0.124          -0.465          -1.560   -0.722   
2024-07-23     0.060     -0.185          -1.116           0.715    0.284   
2024-11-18     0.916     -1.435           0.207          -0.380    1.011   

            temperature  holiday  weekend  
date                                       
2024-07-06       -0.089    1.367    1.530  
2024-02-18        1.200    1.367    1.530  
2024-05-14        1.555   -0.731   -0.653  
2024-02-05        0.770   -0.731   -0.653  
2024-05-20        0.985   -0.731   -0.653  
2024-04-04        1.350    1.367   -0.653  
2024-11-14       -1.060   -0.731   -0.653  
2024-12-25       -0.163   -0.731   -0.653  
2024-07-03       -0.126   -0.731   -0.653  
2024-05-10        1.172   -0.731   -0.653  
2024-05-29        0.855   -0.731   -0.653  
2024-05-22        1.181   -0.731   -0.653  
2024-06-18        0.191   -0.731   -0.653  
2024-02-19        1.097   -0.731   -0.653  
2024-10-31       -1.284   -0.731   -0.653  
2024-05-12        0.817    1.367    1.530  
2024-12-26       -0.668   -0.731   -0.653  
2024-04-06        1.359    1.367    1.530  
2024-07-09       -0.369   -0.731   -0.653  
2024-04-08        1.406   -0.731   -0.653  
2024-10-18       -1.247   -0.731   -0.653  
2024-11-04       -0.985   -0.731   -0.653  
2024-08-27       -1.256   -0.731   -0.653  
2024-08-20       -1.200   -0.731   -0.653  
2024-01-07        0.490    1.367    1.530  
2024-12-21       -0.135    1.367    1.530  
2024-04-27        1.378    1.367    1.530  
2024-04-26        1.163   -0.731   -0.653  
2024-12-10       -0.593   -0.731   -0.653  
2024-12-20       -0.453   -0.731   -0.653  
2024-10-07       -1.069   -0.731   -0.653  
2024-06-13        0.079   -0.731   -0.653  
2024-07-30       -0.883   -0.731   -0.653  
2024-01-25        0.528   -0.731   -0.653  
2024-01-26        0.696   -0.731   -0.653  
2024-08-22       -1.153   -0.731   -0.653  
2024-02-14        0.864   -0.731   -0.653  
2024-02-24        1.265    1.367    1.530  
2024-03-03        1.116    1.367    1.530  
2024-01-01       -0.434   -0.731   -0.653  
2024-03-05        1.340   -0.731   -0.653  
2024-07-16       -0.658   -0.731   -0.653  
2024-05-05        0.985    1.367    1.530  
2024-01-22        0.416   -0.731   -0.653  
2024-06-21        0.191    1.367   -0.653  
2024-02-29        1.051   -0.731   -0.653  
2024-11-30       -0.593    1.367    1.530  
2024-07-13       -0.117    1.367    1.530  
2024-06-05        0.630   -0.731   -0.653  
2024-06-03        0.453   -0.731   -0.653  
2024-09-24       -1.378   -0.731   -0.653  
2024-09-22       -1.340    1.367    1.530  
2024-11-28       -0.873   -0.731   -0.653  
2024-04-07        1.658    1.367    1.530  
2024-11-20       -0.883    1.367   -0.653  
2024-09-01       -1.424    1.367    1.530  
2024-03-19        1.480   -0.731   -0.653  
2024-01-02        0.117   -0.731   -0.653  
2024-09-04       -1.368   -0.731   -0.653  
2024-01-03        0.285    1.367   -0.653  
2024-03-01        1.490   -0.731   -0.653  
2024-04-17        1.443   -0.731   -0.653  
2024-09-18       -1.228   -0.731   -0.653  
2024-07-10        0.023   -0.731   -0.653  
2024-05-18        0.967    1.367    1.530  
2024-09-10       -1.322   -0.731   -0.653  
2024-03-22        1.163   -0.731   -0.653  
2024-05-21        0.612   -0.731   -0.653  
2024-01-12        0.481   -0.731   -0.653  
2024-12-18       -0.201   -0.731   -0.653  
2024-10-08       -1.294   -0.731   -0.653  
2024-01-28        0.472    1.367    1.530  
2024-09-21       -1.359    1.367    1.530  
2024-01-29        0.397   -0.731   -0.653  
2024-10-17       -1.312   -0.731   -0.653  
2024-02-15        0.939    1.367   -0.653  
2024-10-21       -1.536   -0.731   -0.653  
2024-05-16        1.163   -0.731   -0.653  
2024-07-24       -0.714   -0.731   -0.653  
2024-06-16        0.378    1.367    1.530  
2024-08-15       -0.957   -0.731   -0.653  
2024-02-07        0.546   -0.731   -0.653  
2024-01-09        0.061   -0.731   -0.653  
2024-10-01       -1.648   -0.731   -0.653  
2024-03-20        1.508   -0.731   -0.653  
2024-10-20       -1.462    1.367    1.530  
2024-11-23       -1.051    1.367    1.530  
2024-07-23       -0.677   -0.731   -0.653  
2024-11-18       -1.107   -0.731   -0.653  
2026-02-09 17:03:47,317:INFO:get_config() successfully completed......................................
2026-02-09 17:03:47,317:INFO:Initializing get_config()
2026-02-09 17:03:47,317:INFO:get_config(self=<pycaret.regression.oop.RegressionExperiment object at 0x0000015D6808D310>, variable=y_test_transformed)
2026-02-09 17:03:47,351:INFO:Variable: y_test returned as date
2024-07-06   16.911
2024-02-18   16.891
2024-05-14   16.175
2024-02-05   16.495
2024-05-20   16.135
2024-04-04   16.403
2024-11-14   16.214
2024-12-25   16.303
2024-07-03   15.995
2024-05-10   16.144
2024-05-29   16.454
2024-05-22   16.189
2024-06-18   16.081
2024-02-19   16.987
2024-10-31   16.215
2024-05-12   16.930
2024-12-26   16.080
2024-04-06   16.701
2024-07-09   16.390
2024-04-08   16.023
2024-10-18   15.932
2024-11-04   16.367
2024-08-27   16.202
2024-08-20   16.356
2024-01-07   16.629
2024-12-21   16.852
2024-04-27   16.410
2024-04-26   16.188
2024-12-10   16.578
2024-12-20   15.998
2024-10-07   15.711
2024-06-13   16.191
2024-07-30   16.465
2024-01-25   16.120
2024-01-26   16.606
2024-08-22   16.421
2024-02-14   16.029
2024-02-24   16.550
2024-03-03   16.857
2024-01-01   16.169
2024-03-05   15.846
2024-07-16   15.784
2024-05-05   16.827
2024-01-22   16.504
2024-06-21   16.400
2024-02-29   16.809
2024-11-30   16.653
2024-07-13   17.301
2024-06-05   16.459
2024-06-03   16.252
2024-09-24   16.081
2024-09-22   17.004
2024-11-28   16.305
2024-04-07   17.413
2024-11-20   16.346
2024-09-01   17.150
2024-03-19   15.900
2024-01-02   16.005
2024-09-04   16.522
2024-01-03   16.354
2024-03-01   16.255
2024-04-17   16.031
2024-09-18   15.603
2024-07-10   15.727
2024-05-18   16.845
2024-09-10   16.386
2024-03-22   15.729
2024-05-21   16.328
2024-01-12   16.095
2024-12-18   16.088
2024-10-08   16.150
2024-01-28   16.471
2024-09-21   16.933
2024-01-29   16.377
2024-10-17   16.436
2024-02-15   16.455
2024-10-21   16.004
2024-05-16   16.516
2024-07-24   15.894
2024-06-16   16.906
2024-08-15   16.004
2024-02-07   16.266
2024-01-09   15.819
2024-10-01   16.455
2024-03-20   16.246
2024-10-20   16.988
2024-11-23   16.865
2024-07-23   16.111
2024-11-18   15.904
Name: sales, dtype: float32
2026-02-09 17:03:47,351:INFO:get_config() successfully completed......................................
2026-02-09 17:05:27,690:INFO:Initializing get_config()
2026-02-09 17:05:27,690:INFO:get_config(self=<pycaret.regression.oop.RegressionExperiment object at 0x0000015D6808D310>, variable=pipline)
2026-02-09 17:05:40,879:INFO:Initializing get_config()
2026-02-09 17:05:40,879:INFO:get_config(self=<pycaret.regression.oop.RegressionExperiment object at 0x0000015D6808D310>, variable=pipline)
2026-02-09 17:05:43,914:INFO:Initializing get_config()
2026-02-09 17:05:43,914:INFO:get_config(self=<pycaret.regression.oop.RegressionExperiment object at 0x0000015D6808D310>, variable=pipeline)
2026-02-09 17:05:43,938:INFO:Variable:  returned as Pipeline(memory=FastMemory(location=C:\Users\itwill\AppData\Local\Temp\joblib),
         steps=[('numerical_imputer',
                 TransformerWrapper(include=['visitors', 'avg_price',
                                             'marketing_cost', 'delivery_ratio',
                                             'rain_mm', 'temperature'],
                                    transformer=SimpleImputer())),
                ('categorical_imputer',
                 TransformerWrapper(include=['weekend', 'holiday'],
                                    transformer=SimpleImputer(strat...
                 TransformerWrapper(include=['weekend', 'holiday'],
                                    transformer=OrdinalEncoder(cols=['weekend',
                                                                     'holiday'],
                                                               handle_missing='return_nan',
                                                               mapping=[{'col': 'weekend',
                                                                         'data_type': dtype('float64'),
                                                                         'mapping': 0.000    0
1.000    1
NaN     -1
dtype: int64},
                                                                        {'col': 'holiday',
                                                                         'data_type': dtype('float64'),
                                                                         'mapping': 0.000    0
1.000    1
NaN     -1
dtype: int64}]))),
                ('normalize',
                 TransformerWrapper(transformer=StandardScaler()))])
2026-02-09 17:05:43,939:INFO:get_config() successfully completed......................................
2026-02-09 17:10:47,741:WARNING:c:\Users\itwill\AppData\Local\Programs\Python\Python311\Lib\site-packages\hossam\hs_reg.py:454: FutureWarning: The NumPy global RNG was seeded by calling `np.random.seed`. In a future version this function will no longer use the global RNG. Pass `rng` explicitly to opt-in to the new behaviour and silence this warning.
  shap.summary_plot(shap_values, x, show=False)

2026-02-09 17:11:01,108:WARNING:c:\Users\itwill\AppData\Local\Programs\Python\Python311\Lib\site-packages\hossam\hs_reg.py:454: FutureWarning: The NumPy global RNG was seeded by calling `np.random.seed`. In a future version this function will no longer use the global RNG. Pass `rng` explicitly to opt-in to the new behaviour and silence this warning.
  shap.summary_plot(shap_values, x, show=False)

2026-02-09 17:13:00,870:WARNING:
'cuml' is a soft dependency and not included in the pycaret installation. Please run: `pip install cuml` to install.
2026-02-09 17:13:00,870:WARNING:
'cuml' is a soft dependency and not included in the pycaret installation. Please run: `pip install cuml` to install.
2026-02-09 17:13:00,870:WARNING:
'cuml' is a soft dependency and not included in the pycaret installation. Please run: `pip install cuml` to install.
2026-02-09 17:13:00,870:WARNING:
'cuml' is a soft dependency and not included in the pycaret installation. Please run: `pip install cuml` to install.
2026-02-09 17:14:14,089:INFO:PyCaret RegressionExperiment
2026-02-09 17:14:14,089:INFO:Logging name: reg-default-name
2026-02-09 17:14:14,089:INFO:ML Usecase: MLUsecase.REGRESSION
2026-02-09 17:14:14,089:INFO:version 3.3.2
2026-02-09 17:14:14,089:INFO:Initializing setup()
2026-02-09 17:14:14,089:INFO:self.USI: 2c63
2026-02-09 17:14:14,089:INFO:self._variable_keys: {'USI', 'fold_groups_param', 'y_train', 'idx', 'log_plots_param', '_available_plots', 'exp_name_log', 'n_jobs_param', 'y_test', 'pipeline', 'fold_generator', 'X', 'gpu_n_jobs_param', 'html_param', 'logging_param', 'seed', 'X_test', 'fold_shuffle_param', 'X_train', 'target_param', 'memory', 'exp_id', 'y', 'data', 'transform_target_param', 'gpu_param', '_ml_usecase'}
2026-02-09 17:14:14,089:INFO:Checking environment
2026-02-09 17:14:14,089:INFO:python_version: 3.11.9
2026-02-09 17:14:14,089:INFO:python_build: ('tags/v3.11.9:de54cf5', 'Apr  2 2024 10:12:12')
2026-02-09 17:14:14,089:INFO:machine: AMD64
2026-02-09 17:14:14,089:INFO:platform: Windows-10-10.0.26200-SP0
2026-02-09 17:14:14,091:INFO:Memory: svmem(total=16881364992, available=2723987456, percent=83.9, used=14157377536, free=2723987456)
2026-02-09 17:14:14,091:INFO:Physical Core: 6
2026-02-09 17:14:14,091:INFO:Logical Core: 12
2026-02-09 17:14:14,091:INFO:Checking libraries
2026-02-09 17:14:14,091:INFO:System:
2026-02-09 17:14:14,091:INFO:    python: 3.11.9 (tags/v3.11.9:de54cf5, Apr  2 2024, 10:12:12) [MSC v.1938 64 bit (AMD64)]
2026-02-09 17:14:14,091:INFO:executable: c:\Users\itwill\AppData\Local\Programs\Python\Python311\python.exe
2026-02-09 17:14:14,091:INFO:   machine: Windows-10-10.0.26200-SP0
2026-02-09 17:14:14,091:INFO:PyCaret required dependencies:
2026-02-09 17:14:14,091:INFO:                 pip: 24.0
2026-02-09 17:14:14,092:INFO:          setuptools: 65.5.0
2026-02-09 17:14:14,092:INFO:             pycaret: 3.3.2
2026-02-09 17:14:14,092:INFO:             IPython: 9.10.0
2026-02-09 17:14:14,092:INFO:          ipywidgets: 8.1.8
2026-02-09 17:14:14,092:INFO:                tqdm: 4.67.3
2026-02-09 17:14:14,092:INFO:               numpy: 1.26.4
2026-02-09 17:14:14,092:INFO:              pandas: 2.1.4
2026-02-09 17:14:14,092:INFO:              jinja2: 3.1.6
2026-02-09 17:14:14,092:INFO:               scipy: 1.11.4
2026-02-09 17:14:14,092:INFO:              joblib: 1.3.2
2026-02-09 17:14:14,092:INFO:             sklearn: 1.4.2
2026-02-09 17:14:14,092:INFO:                pyod: 2.0.6
2026-02-09 17:14:14,092:INFO:            imblearn: 0.13.0
2026-02-09 17:14:14,092:INFO:   category_encoders: 2.7.0
2026-02-09 17:14:14,092:INFO:            lightgbm: 4.6.0
2026-02-09 17:14:14,092:INFO:               numba: 0.63.1
2026-02-09 17:14:14,092:INFO:            requests: 2.32.5
2026-02-09 17:14:14,092:INFO:          matplotlib: 3.7.5
2026-02-09 17:14:14,092:INFO:          scikitplot: 0.3.7
2026-02-09 17:14:14,092:INFO:         yellowbrick: 1.5
2026-02-09 17:14:14,092:INFO:              plotly: 6.5.2
2026-02-09 17:14:14,092:INFO:    plotly-resampler: Not installed
2026-02-09 17:14:14,092:INFO:             kaleido: 1.2.0
2026-02-09 17:14:14,092:INFO:           schemdraw: 0.15
2026-02-09 17:14:14,092:INFO:         statsmodels: 0.14.6
2026-02-09 17:14:14,092:INFO:              sktime: 0.26.0
2026-02-09 17:14:14,092:INFO:               tbats: 1.1.3
2026-02-09 17:14:14,092:INFO:            pmdarima: 2.0.4
2026-02-09 17:14:14,092:INFO:              psutil: 7.2.2
2026-02-09 17:14:14,093:INFO:          markupsafe: 3.0.3
2026-02-09 17:14:14,093:INFO:             pickle5: Not installed
2026-02-09 17:14:14,093:INFO:         cloudpickle: 3.1.2
2026-02-09 17:14:14,093:INFO:         deprecation: 2.1.0
2026-02-09 17:14:14,093:INFO:              xxhash: 3.6.0
2026-02-09 17:14:14,093:INFO:           wurlitzer: Not installed
2026-02-09 17:14:14,093:INFO:PyCaret optional dependencies:
2026-02-09 17:14:14,097:INFO:                shap: 0.49.1
2026-02-09 17:14:14,097:INFO:           interpret: Not installed
2026-02-09 17:14:14,097:INFO:                umap: Not installed
2026-02-09 17:14:14,097:INFO:     ydata_profiling: Not installed
2026-02-09 17:14:14,097:INFO:  explainerdashboard: Not installed
2026-02-09 17:14:14,097:INFO:             autoviz: Not installed
2026-02-09 17:14:14,097:INFO:           fairlearn: Not installed
2026-02-09 17:14:14,097:INFO:          deepchecks: Not installed
2026-02-09 17:14:14,097:INFO:             xgboost: 2.1.4
2026-02-09 17:14:14,097:INFO:            catboost: 1.2.8
2026-02-09 17:14:14,097:INFO:              kmodes: 0.12.2
2026-02-09 17:14:14,097:INFO:             mlxtend: Not installed
2026-02-09 17:14:14,097:INFO:       statsforecast: Not installed
2026-02-09 17:14:14,097:INFO:        tune_sklearn: Not installed
2026-02-09 17:14:14,097:INFO:                 ray: Not installed
2026-02-09 17:14:14,097:INFO:            hyperopt: Not installed
2026-02-09 17:14:14,097:INFO:              optuna: Not installed
2026-02-09 17:14:14,097:INFO:               skopt: Not installed
2026-02-09 17:14:14,097:INFO:              mlflow: Not installed
2026-02-09 17:14:14,097:INFO:              gradio: Not installed
2026-02-09 17:14:14,097:INFO:             fastapi: Not installed
2026-02-09 17:14:14,097:INFO:             uvicorn: Not installed
2026-02-09 17:14:14,097:INFO:              m2cgen: Not installed
2026-02-09 17:14:14,097:INFO:           evidently: Not installed
2026-02-09 17:14:14,097:INFO:               fugue: Not installed
2026-02-09 17:14:14,097:INFO:           streamlit: Not installed
2026-02-09 17:14:14,097:INFO:             prophet: 1.3.0
2026-02-09 17:14:14,097:INFO:None
2026-02-09 17:14:14,097:INFO:Set up data.
2026-02-09 17:14:14,103:INFO:Set up folding strategy.
2026-02-09 17:14:14,103:INFO:Set up train/test split.
2026-02-09 17:14:14,106:INFO:Set up index.
2026-02-09 17:14:14,106:INFO:Assigning column types.
2026-02-09 17:14:14,108:INFO:Engine successfully changes for model 'lr' to 'sklearn'.
2026-02-09 17:14:14,109:INFO:Engine for model 'lasso' has not been set explicitly, hence returning None.
2026-02-09 17:14:14,111:INFO:Engine for model 'ridge' has not been set explicitly, hence returning None.
2026-02-09 17:14:14,115:INFO:Engine for model 'en' has not been set explicitly, hence returning None.
2026-02-09 17:14:14,153:INFO:Engine for model 'svm' has not been set explicitly, hence returning None.
2026-02-09 17:14:14,183:INFO:Engine for model 'knn' has not been set explicitly, hence returning None.
2026-02-09 17:14:14,183:INFO:Soft dependency imported: xgboost: 2.1.4
2026-02-09 17:14:14,185:INFO:Soft dependency imported: catboost: 1.2.8
2026-02-09 17:14:14,185:INFO:Engine for model 'lasso' has not been set explicitly, hence returning None.
2026-02-09 17:14:14,190:INFO:Engine for model 'ridge' has not been set explicitly, hence returning None.
2026-02-09 17:14:14,193:INFO:Engine for model 'en' has not been set explicitly, hence returning None.
2026-02-09 17:14:14,229:INFO:Engine for model 'svm' has not been set explicitly, hence returning None.
2026-02-09 17:14:14,254:INFO:Engine for model 'knn' has not been set explicitly, hence returning None.
2026-02-09 17:14:14,254:INFO:Soft dependency imported: xgboost: 2.1.4
2026-02-09 17:14:14,256:INFO:Soft dependency imported: catboost: 1.2.8
2026-02-09 17:14:14,256:INFO:Engine successfully changes for model 'lasso' to 'sklearn'.
2026-02-09 17:14:14,258:INFO:Engine for model 'ridge' has not been set explicitly, hence returning None.
2026-02-09 17:14:14,258:INFO:Engine for model 'en' has not been set explicitly, hence returning None.
2026-02-09 17:14:14,290:INFO:Engine for model 'svm' has not been set explicitly, hence returning None.
2026-02-09 17:14:14,303:INFO:Engine for model 'knn' has not been set explicitly, hence returning None.
2026-02-09 17:14:14,303:INFO:Soft dependency imported: xgboost: 2.1.4
2026-02-09 17:14:14,303:INFO:Soft dependency imported: catboost: 1.2.8
2026-02-09 17:14:14,303:INFO:Engine for model 'ridge' has not been set explicitly, hence returning None.
2026-02-09 17:14:14,319:INFO:Engine for model 'en' has not been set explicitly, hence returning None.
2026-02-09 17:14:14,339:INFO:Engine for model 'svm' has not been set explicitly, hence returning None.
2026-02-09 17:14:14,370:INFO:Engine for model 'knn' has not been set explicitly, hence returning None.
2026-02-09 17:14:14,370:INFO:Soft dependency imported: xgboost: 2.1.4
2026-02-09 17:14:14,370:INFO:Soft dependency imported: catboost: 1.2.8
2026-02-09 17:14:14,370:INFO:Engine successfully changes for model 'ridge' to 'sklearn'.
2026-02-09 17:14:14,370:INFO:Engine for model 'en' has not been set explicitly, hence returning None.
2026-02-09 17:14:14,409:INFO:Engine for model 'svm' has not been set explicitly, hence returning None.
2026-02-09 17:14:14,433:INFO:Engine for model 'knn' has not been set explicitly, hence returning None.
2026-02-09 17:14:14,433:INFO:Soft dependency imported: xgboost: 2.1.4
2026-02-09 17:14:14,434:INFO:Soft dependency imported: catboost: 1.2.8
2026-02-09 17:14:14,439:INFO:Engine for model 'en' has not been set explicitly, hence returning None.
2026-02-09 17:14:14,470:INFO:Engine for model 'svm' has not been set explicitly, hence returning None.
2026-02-09 17:14:14,486:INFO:Engine for model 'knn' has not been set explicitly, hence returning None.
2026-02-09 17:14:14,486:INFO:Soft dependency imported: xgboost: 2.1.4
2026-02-09 17:14:14,486:INFO:Soft dependency imported: catboost: 1.2.8
2026-02-09 17:14:14,486:INFO:Engine successfully changes for model 'en' to 'sklearn'.
2026-02-09 17:14:14,529:INFO:Engine for model 'svm' has not been set explicitly, hence returning None.
2026-02-09 17:14:14,554:INFO:Engine for model 'knn' has not been set explicitly, hence returning None.
2026-02-09 17:14:14,554:INFO:Soft dependency imported: xgboost: 2.1.4
2026-02-09 17:14:14,555:INFO:Soft dependency imported: catboost: 1.2.8
2026-02-09 17:14:14,593:INFO:Engine for model 'svm' has not been set explicitly, hence returning None.
2026-02-09 17:14:14,603:INFO:Engine for model 'knn' has not been set explicitly, hence returning None.
2026-02-09 17:14:14,603:INFO:Soft dependency imported: xgboost: 2.1.4
2026-02-09 17:14:14,603:INFO:Soft dependency imported: catboost: 1.2.8
2026-02-09 17:14:14,603:INFO:Engine successfully changes for model 'knn' to 'sklearn'.
2026-02-09 17:14:14,647:INFO:Engine for model 'svm' has not been set explicitly, hence returning None.
2026-02-09 17:14:14,670:INFO:Soft dependency imported: xgboost: 2.1.4
2026-02-09 17:14:14,670:INFO:Soft dependency imported: catboost: 1.2.8
2026-02-09 17:14:14,712:INFO:Engine for model 'svm' has not been set explicitly, hence returning None.
2026-02-09 17:14:14,735:INFO:Soft dependency imported: xgboost: 2.1.4
2026-02-09 17:14:14,736:INFO:Soft dependency imported: catboost: 1.2.8
2026-02-09 17:14:14,739:INFO:Engine successfully changes for model 'svm' to 'sklearn'.
2026-02-09 17:14:14,787:INFO:Soft dependency imported: xgboost: 2.1.4
2026-02-09 17:14:14,787:INFO:Soft dependency imported: catboost: 1.2.8
2026-02-09 17:14:14,855:INFO:Soft dependency imported: xgboost: 2.1.4
2026-02-09 17:14:14,856:INFO:Soft dependency imported: catboost: 1.2.8
2026-02-09 17:14:14,858:INFO:Preparing preprocessing pipeline...
2026-02-09 17:14:14,858:INFO:Set up simple imputation.
2026-02-09 17:14:14,859:INFO:Set up encoding of ordinal features.
2026-02-09 17:14:14,860:INFO:Set up encoding of categorical features.
2026-02-09 17:14:14,860:INFO:Set up feature normalization.
2026-02-09 17:14:14,905:INFO:Finished creating preprocessing pipeline.
2026-02-09 17:14:14,921:INFO:Pipeline: Pipeline(memory=FastMemory(location=C:\Users\itwill\AppData\Local\Temp\joblib),
         steps=[('numerical_imputer',
                 TransformerWrapper(include=['visitors', 'avg_price',
                                             'marketing_cost', 'delivery_ratio',
                                             'rain_mm', 'temperature'],
                                    transformer=SimpleImputer())),
                ('categorical_imputer',
                 TransformerWrapper(include=['weekend', 'holiday'],
                                    transformer=SimpleImputer(strat...
                 TransformerWrapper(include=['weekend', 'holiday'],
                                    transformer=OrdinalEncoder(cols=['weekend',
                                                                     'holiday'],
                                                               handle_missing='return_nan',
                                                               mapping=[{'col': 'weekend',
                                                                         'data_type': dtype('float64'),
                                                                         'mapping': 0.000    0
1.000    1
NaN     -1
dtype: int64},
                                                                        {'col': 'holiday',
                                                                         'data_type': dtype('float64'),
                                                                         'mapping': 0.000    0
1.000    1
NaN     -1
dtype: int64}]))),
                ('normalize',
                 TransformerWrapper(transformer=StandardScaler()))])
2026-02-09 17:14:14,921:INFO:Creating final display dataframe.
2026-02-09 17:14:15,030:INFO:Setup _display_container:                     Description             Value
0                    Session id                52
1                        Target             sales
2                   Target type        Regression
3           Original data shape          (353, 9)
4        Transformed data shape          (353, 9)
5   Transformed train set shape          (264, 9)
6    Transformed test set shape           (89, 9)
7              Numeric features                 6
8          Categorical features                 2
9                    Preprocess              True
10              Imputation type            simple
11           Numeric imputation              mean
12       Categorical imputation              mode
13     Maximum one-hot encoding                25
14              Encoding method              None
15                    Normalize              True
16             Normalize method            zscore
17               Fold Generator             KFold
18                  Fold Number                 5
19                     CPU Jobs                -1
20                      Use GPU             False
21               Log Experiment             False
22              Experiment Name  reg-default-name
23                          USI              2c63
2026-02-09 17:14:15,088:INFO:Soft dependency imported: xgboost: 2.1.4
2026-02-09 17:14:15,088:INFO:Soft dependency imported: catboost: 1.2.8
2026-02-09 17:14:15,146:INFO:Soft dependency imported: xgboost: 2.1.4
2026-02-09 17:14:15,153:INFO:Soft dependency imported: catboost: 1.2.8
2026-02-09 17:14:15,153:INFO:setup() successfully completed in 1.06s...............
2026-02-09 17:16:03,918:INFO:gpu_param set to False
2026-02-09 17:16:04,018:INFO:Soft dependency imported: xgboost: 2.1.4
2026-02-09 17:16:04,020:INFO:Soft dependency imported: catboost: 1.2.8
2026-02-09 17:16:04,088:INFO:Soft dependency imported: xgboost: 2.1.4
2026-02-09 17:16:04,089:INFO:Soft dependency imported: catboost: 1.2.8
2026-02-09 17:16:25,821:INFO:gpu_param set to False
2026-02-09 17:16:25,888:INFO:Soft dependency imported: xgboost: 2.1.4
2026-02-09 17:16:25,890:INFO:Soft dependency imported: catboost: 1.2.8
2026-02-09 17:16:25,967:INFO:Soft dependency imported: xgboost: 2.1.4
2026-02-09 17:16:25,971:INFO:Soft dependency imported: catboost: 1.2.8
2026-02-09 17:16:54,697:INFO:gpu_param set to False
2026-02-09 17:16:54,771:INFO:Soft dependency imported: xgboost: 2.1.4
2026-02-09 17:16:54,772:INFO:Soft dependency imported: catboost: 1.2.8
2026-02-09 17:16:54,855:INFO:Soft dependency imported: xgboost: 2.1.4
2026-02-09 17:16:54,857:INFO:Soft dependency imported: catboost: 1.2.8
2026-02-09 17:16:55,678:INFO:gpu_param set to False
2026-02-09 17:16:55,751:INFO:Soft dependency imported: xgboost: 2.1.4
2026-02-09 17:16:55,753:INFO:Soft dependency imported: catboost: 1.2.8
2026-02-09 17:16:55,834:INFO:Soft dependency imported: xgboost: 2.1.4
2026-02-09 17:16:55,838:INFO:Soft dependency imported: catboost: 1.2.8
2026-02-09 17:17:56,197:INFO:Initializing compare_models()
2026-02-09 17:17:56,197:INFO:compare_models(self=<pycaret.regression.oop.RegressionExperiment object at 0x000001EBABA53D50>, include=None, exclude=None, fold=5, round=4, cross_validation=True, sort=RMSE, n_select=5, budget_time=None, turbo=True, errors=ignore, fit_kwargs=None, groups=None, experiment_custom_tags=None, probability_threshold=None, verbose=True, parallel=None, caller_params={'self': <pycaret.regression.oop.RegressionExperiment object at 0x000001EBABA53D50>, 'include': None, 'exclude': None, 'fold': 5, 'round': 4, 'cross_validation': True, 'sort': 'RMSE', 'n_select': 5, 'budget_time': None, 'turbo': True, 'errors': 'ignore', 'fit_kwargs': None, 'groups': None, 'experiment_custom_tags': None, 'engine': None, 'verbose': True, 'parallel': None, '__class__': <class 'pycaret.regression.oop.RegressionExperiment'>})
2026-02-09 17:17:56,197:INFO:Checking exceptions
2026-02-09 17:17:56,197:INFO:Preparing display monitor
2026-02-09 17:17:56,217:INFO:Initializing Linear Regression
2026-02-09 17:17:56,217:INFO:Total runtime is 0.0 minutes
2026-02-09 17:17:56,222:INFO:SubProcess create_model() called ==================================
2026-02-09 17:17:56,222:INFO:Initializing create_model()
2026-02-09 17:17:56,222:INFO:create_model(self=<pycaret.regression.oop.RegressionExperiment object at 0x000001EBABA53D50>, estimator=lr, fold=KFold(n_splits=5, random_state=None, shuffle=False), round=4, cross_validation=True, predict=True, fit_kwargs={}, groups=None, refit=False, probability_threshold=None, experiment_custom_tags=None, verbose=False, system=False, add_to_model_list=True, metrics=None, display=<pycaret.internal.display.display.CommonDisplay object at 0x000001EBAB8335D0>, model_only=True, return_train_score=False, error_score=0.0, kwargs={})
2026-02-09 17:17:56,222:INFO:Checking exceptions
2026-02-09 17:17:56,222:INFO:Importing libraries
2026-02-09 17:17:56,222:INFO:Copying training dataset
2026-02-09 17:17:56,225:INFO:Defining folds
2026-02-09 17:17:56,225:INFO:Declaring metric variables
2026-02-09 17:17:56,230:INFO:Importing untrained model
2026-02-09 17:17:56,233:INFO:Linear Regression Imported successfully
2026-02-09 17:17:56,242:INFO:Starting cross validation
2026-02-09 17:17:56,248:INFO:Cross validating with KFold(n_splits=5, random_state=None, shuffle=False), n_jobs=-1
2026-02-09 17:17:58,942:INFO:Calculating mean and std
2026-02-09 17:17:58,943:INFO:Creating metrics dataframe
2026-02-09 17:17:58,944:INFO:Uploading results into container
2026-02-09 17:17:58,944:INFO:Uploading model into container now
2026-02-09 17:17:58,944:INFO:_master_model_container: 1
2026-02-09 17:17:58,944:INFO:_display_container: 2
2026-02-09 17:17:58,944:INFO:LinearRegression(n_jobs=-1)
2026-02-09 17:17:58,944:INFO:create_model() successfully completed......................................
2026-02-09 17:17:59,053:INFO:SubProcess create_model() end ==================================
2026-02-09 17:17:59,053:INFO:Creating metrics dataframe
2026-02-09 17:17:59,070:INFO:Initializing Lasso Regression
2026-02-09 17:17:59,070:INFO:Total runtime is 0.04754122893015544 minutes
2026-02-09 17:17:59,070:INFO:SubProcess create_model() called ==================================
2026-02-09 17:17:59,070:INFO:Initializing create_model()
2026-02-09 17:17:59,070:INFO:create_model(self=<pycaret.regression.oop.RegressionExperiment object at 0x000001EBABA53D50>, estimator=lasso, fold=KFold(n_splits=5, random_state=None, shuffle=False), round=4, cross_validation=True, predict=True, fit_kwargs={}, groups=None, refit=False, probability_threshold=None, experiment_custom_tags=None, verbose=False, system=False, add_to_model_list=True, metrics=None, display=<pycaret.internal.display.display.CommonDisplay object at 0x000001EBAB8335D0>, model_only=True, return_train_score=False, error_score=0.0, kwargs={})
2026-02-09 17:17:59,070:INFO:Checking exceptions
2026-02-09 17:17:59,070:INFO:Importing libraries
2026-02-09 17:17:59,070:INFO:Copying training dataset
2026-02-09 17:17:59,070:INFO:Defining folds
2026-02-09 17:17:59,070:INFO:Declaring metric variables
2026-02-09 17:17:59,080:INFO:Importing untrained model
2026-02-09 17:17:59,080:INFO:Lasso Regression Imported successfully
2026-02-09 17:17:59,091:INFO:Starting cross validation
2026-02-09 17:17:59,092:INFO:Cross validating with KFold(n_splits=5, random_state=None, shuffle=False), n_jobs=-1
2026-02-09 17:18:01,038:INFO:Calculating mean and std
2026-02-09 17:18:01,038:INFO:Creating metrics dataframe
2026-02-09 17:18:01,038:INFO:Uploading results into container
2026-02-09 17:18:01,042:INFO:Uploading model into container now
2026-02-09 17:18:01,042:INFO:_master_model_container: 2
2026-02-09 17:18:01,042:INFO:_display_container: 2
2026-02-09 17:18:01,043:INFO:Lasso(random_state=52)
2026-02-09 17:18:01,043:INFO:create_model() successfully completed......................................
2026-02-09 17:18:01,141:INFO:SubProcess create_model() end ==================================
2026-02-09 17:18:01,141:INFO:Creating metrics dataframe
2026-02-09 17:18:01,154:INFO:Initializing Ridge Regression
2026-02-09 17:18:01,154:INFO:Total runtime is 0.08228969971338908 minutes
2026-02-09 17:18:01,158:INFO:SubProcess create_model() called ==================================
2026-02-09 17:18:01,159:INFO:Initializing create_model()
2026-02-09 17:18:01,159:INFO:create_model(self=<pycaret.regression.oop.RegressionExperiment object at 0x000001EBABA53D50>, estimator=ridge, fold=KFold(n_splits=5, random_state=None, shuffle=False), round=4, cross_validation=True, predict=True, fit_kwargs={}, groups=None, refit=False, probability_threshold=None, experiment_custom_tags=None, verbose=False, system=False, add_to_model_list=True, metrics=None, display=<pycaret.internal.display.display.CommonDisplay object at 0x000001EBAB8335D0>, model_only=True, return_train_score=False, error_score=0.0, kwargs={})
2026-02-09 17:18:01,159:INFO:Checking exceptions
2026-02-09 17:18:01,159:INFO:Importing libraries
2026-02-09 17:18:01,159:INFO:Copying training dataset
2026-02-09 17:18:01,161:INFO:Defining folds
2026-02-09 17:18:01,161:INFO:Declaring metric variables
2026-02-09 17:18:01,165:INFO:Importing untrained model
2026-02-09 17:18:01,168:INFO:Ridge Regression Imported successfully
2026-02-09 17:18:01,174:INFO:Starting cross validation
2026-02-09 17:18:01,175:INFO:Cross validating with KFold(n_splits=5, random_state=None, shuffle=False), n_jobs=-1
2026-02-09 17:18:02,788:INFO:Calculating mean and std
2026-02-09 17:18:02,788:INFO:Creating metrics dataframe
2026-02-09 17:18:02,788:INFO:Uploading results into container
2026-02-09 17:18:02,790:INFO:Uploading model into container now
2026-02-09 17:18:02,790:INFO:_master_model_container: 3
2026-02-09 17:18:02,790:INFO:_display_container: 2
2026-02-09 17:18:02,791:INFO:Ridge(random_state=52)
2026-02-09 17:18:02,791:INFO:create_model() successfully completed......................................
2026-02-09 17:18:02,884:INFO:SubProcess create_model() end ==================================
2026-02-09 17:18:02,884:INFO:Creating metrics dataframe
2026-02-09 17:18:02,884:INFO:Initializing Elastic Net
2026-02-09 17:18:02,884:INFO:Total runtime is 0.11111427148183187 minutes
2026-02-09 17:18:02,884:INFO:SubProcess create_model() called ==================================
2026-02-09 17:18:02,884:INFO:Initializing create_model()
2026-02-09 17:18:02,884:INFO:create_model(self=<pycaret.regression.oop.RegressionExperiment object at 0x000001EBABA53D50>, estimator=en, fold=KFold(n_splits=5, random_state=None, shuffle=False), round=4, cross_validation=True, predict=True, fit_kwargs={}, groups=None, refit=False, probability_threshold=None, experiment_custom_tags=None, verbose=False, system=False, add_to_model_list=True, metrics=None, display=<pycaret.internal.display.display.CommonDisplay object at 0x000001EBAB8335D0>, model_only=True, return_train_score=False, error_score=0.0, kwargs={})
2026-02-09 17:18:02,884:INFO:Checking exceptions
2026-02-09 17:18:02,884:INFO:Importing libraries
2026-02-09 17:18:02,884:INFO:Copying training dataset
2026-02-09 17:18:02,884:INFO:Defining folds
2026-02-09 17:18:02,884:INFO:Declaring metric variables
2026-02-09 17:18:02,884:INFO:Importing untrained model
2026-02-09 17:18:02,900:INFO:Elastic Net Imported successfully
2026-02-09 17:18:02,907:INFO:Starting cross validation
2026-02-09 17:18:02,909:INFO:Cross validating with KFold(n_splits=5, random_state=None, shuffle=False), n_jobs=-1
2026-02-09 17:18:02,977:INFO:Calculating mean and std
2026-02-09 17:18:02,977:INFO:Creating metrics dataframe
2026-02-09 17:18:02,977:INFO:Uploading results into container
2026-02-09 17:18:02,977:INFO:Uploading model into container now
2026-02-09 17:18:02,977:INFO:_master_model_container: 4
2026-02-09 17:18:02,977:INFO:_display_container: 2
2026-02-09 17:18:02,977:INFO:ElasticNet(random_state=52)
2026-02-09 17:18:02,977:INFO:create_model() successfully completed......................................
2026-02-09 17:18:03,063:INFO:SubProcess create_model() end ==================================
2026-02-09 17:18:03,064:INFO:Creating metrics dataframe
2026-02-09 17:18:03,068:INFO:Initializing Least Angle Regression
2026-02-09 17:18:03,068:INFO:Total runtime is 0.11417745351791382 minutes
2026-02-09 17:18:03,071:INFO:SubProcess create_model() called ==================================
2026-02-09 17:18:03,072:INFO:Initializing create_model()
2026-02-09 17:18:03,072:INFO:create_model(self=<pycaret.regression.oop.RegressionExperiment object at 0x000001EBABA53D50>, estimator=lar, fold=KFold(n_splits=5, random_state=None, shuffle=False), round=4, cross_validation=True, predict=True, fit_kwargs={}, groups=None, refit=False, probability_threshold=None, experiment_custom_tags=None, verbose=False, system=False, add_to_model_list=True, metrics=None, display=<pycaret.internal.display.display.CommonDisplay object at 0x000001EBAB8335D0>, model_only=True, return_train_score=False, error_score=0.0, kwargs={})
2026-02-09 17:18:03,072:INFO:Checking exceptions
2026-02-09 17:18:03,072:INFO:Importing libraries
2026-02-09 17:18:03,072:INFO:Copying training dataset
2026-02-09 17:18:03,074:INFO:Defining folds
2026-02-09 17:18:03,074:INFO:Declaring metric variables
2026-02-09 17:18:03,077:INFO:Importing untrained model
2026-02-09 17:18:03,081:INFO:Least Angle Regression Imported successfully
2026-02-09 17:18:03,087:INFO:Starting cross validation
2026-02-09 17:18:03,088:INFO:Cross validating with KFold(n_splits=5, random_state=None, shuffle=False), n_jobs=-1
2026-02-09 17:18:03,168:INFO:Calculating mean and std
2026-02-09 17:18:03,168:INFO:Creating metrics dataframe
2026-02-09 17:18:03,169:INFO:Uploading results into container
2026-02-09 17:18:03,170:INFO:Uploading model into container now
2026-02-09 17:18:03,170:INFO:_master_model_container: 5
2026-02-09 17:18:03,170:INFO:_display_container: 2
2026-02-09 17:18:03,170:INFO:Lars(random_state=52)
2026-02-09 17:18:03,170:INFO:create_model() successfully completed......................................
2026-02-09 17:18:03,269:INFO:SubProcess create_model() end ==================================
2026-02-09 17:18:03,269:INFO:Creating metrics dataframe
2026-02-09 17:18:03,269:INFO:Initializing Lasso Least Angle Regression
2026-02-09 17:18:03,269:INFO:Total runtime is 0.11753121614456177 minutes
2026-02-09 17:18:03,269:INFO:SubProcess create_model() called ==================================
2026-02-09 17:18:03,269:INFO:Initializing create_model()
2026-02-09 17:18:03,269:INFO:create_model(self=<pycaret.regression.oop.RegressionExperiment object at 0x000001EBABA53D50>, estimator=llar, fold=KFold(n_splits=5, random_state=None, shuffle=False), round=4, cross_validation=True, predict=True, fit_kwargs={}, groups=None, refit=False, probability_threshold=None, experiment_custom_tags=None, verbose=False, system=False, add_to_model_list=True, metrics=None, display=<pycaret.internal.display.display.CommonDisplay object at 0x000001EBAB8335D0>, model_only=True, return_train_score=False, error_score=0.0, kwargs={})
2026-02-09 17:18:03,269:INFO:Checking exceptions
2026-02-09 17:18:03,269:INFO:Importing libraries
2026-02-09 17:18:03,269:INFO:Copying training dataset
2026-02-09 17:18:03,269:INFO:Defining folds
2026-02-09 17:18:03,269:INFO:Declaring metric variables
2026-02-09 17:18:03,286:INFO:Importing untrained model
2026-02-09 17:18:03,287:INFO:Lasso Least Angle Regression Imported successfully
2026-02-09 17:18:03,287:INFO:Starting cross validation
2026-02-09 17:18:03,287:INFO:Cross validating with KFold(n_splits=5, random_state=None, shuffle=False), n_jobs=-1
2026-02-09 17:18:03,351:INFO:Calculating mean and std
2026-02-09 17:18:03,351:INFO:Creating metrics dataframe
2026-02-09 17:18:03,352:INFO:Uploading results into container
2026-02-09 17:18:03,353:INFO:Uploading model into container now
2026-02-09 17:18:03,353:INFO:_master_model_container: 6
2026-02-09 17:18:03,353:INFO:_display_container: 2
2026-02-09 17:18:03,353:INFO:LassoLars(random_state=52)
2026-02-09 17:18:03,353:INFO:create_model() successfully completed......................................
2026-02-09 17:18:03,438:INFO:SubProcess create_model() end ==================================
2026-02-09 17:18:03,438:INFO:Creating metrics dataframe
2026-02-09 17:18:03,442:INFO:Initializing Orthogonal Matching Pursuit
2026-02-09 17:18:03,442:INFO:Total runtime is 0.12041956981023154 minutes
2026-02-09 17:18:03,445:INFO:SubProcess create_model() called ==================================
2026-02-09 17:18:03,445:INFO:Initializing create_model()
2026-02-09 17:18:03,445:INFO:create_model(self=<pycaret.regression.oop.RegressionExperiment object at 0x000001EBABA53D50>, estimator=omp, fold=KFold(n_splits=5, random_state=None, shuffle=False), round=4, cross_validation=True, predict=True, fit_kwargs={}, groups=None, refit=False, probability_threshold=None, experiment_custom_tags=None, verbose=False, system=False, add_to_model_list=True, metrics=None, display=<pycaret.internal.display.display.CommonDisplay object at 0x000001EBAB8335D0>, model_only=True, return_train_score=False, error_score=0.0, kwargs={})
2026-02-09 17:18:03,445:INFO:Checking exceptions
2026-02-09 17:18:03,445:INFO:Importing libraries
2026-02-09 17:18:03,446:INFO:Copying training dataset
2026-02-09 17:18:03,448:INFO:Defining folds
2026-02-09 17:18:03,448:INFO:Declaring metric variables
2026-02-09 17:18:03,451:INFO:Importing untrained model
2026-02-09 17:18:03,455:INFO:Orthogonal Matching Pursuit Imported successfully
2026-02-09 17:18:03,460:INFO:Starting cross validation
2026-02-09 17:18:03,460:INFO:Cross validating with KFold(n_splits=5, random_state=None, shuffle=False), n_jobs=-1
2026-02-09 17:18:03,529:INFO:Calculating mean and std
2026-02-09 17:18:03,529:INFO:Creating metrics dataframe
2026-02-09 17:18:03,530:INFO:Uploading results into container
2026-02-09 17:18:03,530:INFO:Uploading model into container now
2026-02-09 17:18:03,531:INFO:_master_model_container: 7
2026-02-09 17:18:03,531:INFO:_display_container: 2
2026-02-09 17:18:03,531:INFO:OrthogonalMatchingPursuit()
2026-02-09 17:18:03,531:INFO:create_model() successfully completed......................................
2026-02-09 17:18:03,619:INFO:SubProcess create_model() end ==================================
2026-02-09 17:18:03,619:INFO:Creating metrics dataframe
2026-02-09 17:18:03,623:INFO:Initializing Bayesian Ridge
2026-02-09 17:18:03,624:INFO:Total runtime is 0.1234559218088786 minutes
2026-02-09 17:18:03,626:INFO:SubProcess create_model() called ==================================
2026-02-09 17:18:03,626:INFO:Initializing create_model()
2026-02-09 17:18:03,626:INFO:create_model(self=<pycaret.regression.oop.RegressionExperiment object at 0x000001EBABA53D50>, estimator=br, fold=KFold(n_splits=5, random_state=None, shuffle=False), round=4, cross_validation=True, predict=True, fit_kwargs={}, groups=None, refit=False, probability_threshold=None, experiment_custom_tags=None, verbose=False, system=False, add_to_model_list=True, metrics=None, display=<pycaret.internal.display.display.CommonDisplay object at 0x000001EBAB8335D0>, model_only=True, return_train_score=False, error_score=0.0, kwargs={})
2026-02-09 17:18:03,626:INFO:Checking exceptions
2026-02-09 17:18:03,626:INFO:Importing libraries
2026-02-09 17:18:03,626:INFO:Copying training dataset
2026-02-09 17:18:03,630:INFO:Defining folds
2026-02-09 17:18:03,630:INFO:Declaring metric variables
2026-02-09 17:18:03,633:INFO:Importing untrained model
2026-02-09 17:18:03,635:INFO:Bayesian Ridge Imported successfully
2026-02-09 17:18:03,637:INFO:Starting cross validation
2026-02-09 17:18:03,637:INFO:Cross validating with KFold(n_splits=5, random_state=None, shuffle=False), n_jobs=-1
2026-02-09 17:18:03,741:INFO:Calculating mean and std
2026-02-09 17:18:03,743:INFO:Creating metrics dataframe
2026-02-09 17:18:03,744:INFO:Uploading results into container
2026-02-09 17:18:03,744:INFO:Uploading model into container now
2026-02-09 17:18:03,744:INFO:_master_model_container: 8
2026-02-09 17:18:03,744:INFO:_display_container: 2
2026-02-09 17:18:03,744:INFO:BayesianRidge()
2026-02-09 17:18:03,744:INFO:create_model() successfully completed......................................
2026-02-09 17:18:03,875:INFO:SubProcess create_model() end ==================================
2026-02-09 17:18:03,875:INFO:Creating metrics dataframe
2026-02-09 17:18:03,879:INFO:Initializing Passive Aggressive Regressor
2026-02-09 17:18:03,880:INFO:Total runtime is 0.1276988704999288 minutes
2026-02-09 17:18:03,882:INFO:SubProcess create_model() called ==================================
2026-02-09 17:18:03,883:INFO:Initializing create_model()
2026-02-09 17:18:03,883:INFO:create_model(self=<pycaret.regression.oop.RegressionExperiment object at 0x000001EBABA53D50>, estimator=par, fold=KFold(n_splits=5, random_state=None, shuffle=False), round=4, cross_validation=True, predict=True, fit_kwargs={}, groups=None, refit=False, probability_threshold=None, experiment_custom_tags=None, verbose=False, system=False, add_to_model_list=True, metrics=None, display=<pycaret.internal.display.display.CommonDisplay object at 0x000001EBAB8335D0>, model_only=True, return_train_score=False, error_score=0.0, kwargs={})
2026-02-09 17:18:03,883:INFO:Checking exceptions
2026-02-09 17:18:03,883:INFO:Importing libraries
2026-02-09 17:18:03,883:INFO:Copying training dataset
2026-02-09 17:18:03,886:INFO:Defining folds
2026-02-09 17:18:03,886:INFO:Declaring metric variables
2026-02-09 17:18:03,890:INFO:Importing untrained model
2026-02-09 17:18:03,893:INFO:Passive Aggressive Regressor Imported successfully
2026-02-09 17:18:03,896:INFO:Starting cross validation
2026-02-09 17:18:03,896:INFO:Cross validating with KFold(n_splits=5, random_state=None, shuffle=False), n_jobs=-1
2026-02-09 17:18:03,992:INFO:Calculating mean and std
2026-02-09 17:18:03,992:INFO:Creating metrics dataframe
2026-02-09 17:18:03,993:INFO:Uploading results into container
2026-02-09 17:18:03,993:INFO:Uploading model into container now
2026-02-09 17:18:03,994:INFO:_master_model_container: 9
2026-02-09 17:18:03,994:INFO:_display_container: 2
2026-02-09 17:18:03,994:INFO:PassiveAggressiveRegressor(random_state=52)
2026-02-09 17:18:03,994:INFO:create_model() successfully completed......................................
2026-02-09 17:18:04,081:INFO:SubProcess create_model() end ==================================
2026-02-09 17:18:04,081:INFO:Creating metrics dataframe
2026-02-09 17:18:04,088:INFO:Initializing Huber Regressor
2026-02-09 17:18:04,088:INFO:Total runtime is 0.1311768213907878 minutes
2026-02-09 17:18:04,091:INFO:SubProcess create_model() called ==================================
2026-02-09 17:18:04,092:INFO:Initializing create_model()
2026-02-09 17:18:04,092:INFO:create_model(self=<pycaret.regression.oop.RegressionExperiment object at 0x000001EBABA53D50>, estimator=huber, fold=KFold(n_splits=5, random_state=None, shuffle=False), round=4, cross_validation=True, predict=True, fit_kwargs={}, groups=None, refit=False, probability_threshold=None, experiment_custom_tags=None, verbose=False, system=False, add_to_model_list=True, metrics=None, display=<pycaret.internal.display.display.CommonDisplay object at 0x000001EBAB8335D0>, model_only=True, return_train_score=False, error_score=0.0, kwargs={})
2026-02-09 17:18:04,092:INFO:Checking exceptions
2026-02-09 17:18:04,092:INFO:Importing libraries
2026-02-09 17:18:04,092:INFO:Copying training dataset
2026-02-09 17:18:04,094:INFO:Defining folds
2026-02-09 17:18:04,094:INFO:Declaring metric variables
2026-02-09 17:18:04,098:INFO:Importing untrained model
2026-02-09 17:18:04,101:INFO:Huber Regressor Imported successfully
2026-02-09 17:18:04,109:INFO:Starting cross validation
2026-02-09 17:18:04,110:INFO:Cross validating with KFold(n_splits=5, random_state=None, shuffle=False), n_jobs=-1
2026-02-09 17:18:04,178:INFO:Calculating mean and std
2026-02-09 17:18:04,178:INFO:Creating metrics dataframe
2026-02-09 17:18:04,178:INFO:Uploading results into container
2026-02-09 17:18:04,179:INFO:Uploading model into container now
2026-02-09 17:18:04,179:INFO:_master_model_container: 10
2026-02-09 17:18:04,179:INFO:_display_container: 2
2026-02-09 17:18:04,179:INFO:HuberRegressor()
2026-02-09 17:18:04,179:INFO:create_model() successfully completed......................................
2026-02-09 17:18:04,271:INFO:SubProcess create_model() end ==================================
2026-02-09 17:18:04,271:INFO:Creating metrics dataframe
2026-02-09 17:18:04,276:INFO:Initializing K Neighbors Regressor
2026-02-09 17:18:04,276:INFO:Total runtime is 0.13432059288024906 minutes
2026-02-09 17:18:04,279:INFO:SubProcess create_model() called ==================================
2026-02-09 17:18:04,279:INFO:Initializing create_model()
2026-02-09 17:18:04,279:INFO:create_model(self=<pycaret.regression.oop.RegressionExperiment object at 0x000001EBABA53D50>, estimator=knn, fold=KFold(n_splits=5, random_state=None, shuffle=False), round=4, cross_validation=True, predict=True, fit_kwargs={}, groups=None, refit=False, probability_threshold=None, experiment_custom_tags=None, verbose=False, system=False, add_to_model_list=True, metrics=None, display=<pycaret.internal.display.display.CommonDisplay object at 0x000001EBAB8335D0>, model_only=True, return_train_score=False, error_score=0.0, kwargs={})
2026-02-09 17:18:04,279:INFO:Checking exceptions
2026-02-09 17:18:04,279:INFO:Importing libraries
2026-02-09 17:18:04,279:INFO:Copying training dataset
2026-02-09 17:18:04,282:INFO:Defining folds
2026-02-09 17:18:04,282:INFO:Declaring metric variables
2026-02-09 17:18:04,284:INFO:Importing untrained model
2026-02-09 17:18:04,289:INFO:K Neighbors Regressor Imported successfully
2026-02-09 17:18:04,295:INFO:Starting cross validation
2026-02-09 17:18:04,295:INFO:Cross validating with KFold(n_splits=5, random_state=None, shuffle=False), n_jobs=-1
2026-02-09 17:18:04,374:INFO:Calculating mean and std
2026-02-09 17:18:04,374:INFO:Creating metrics dataframe
2026-02-09 17:18:04,375:INFO:Uploading results into container
2026-02-09 17:18:04,375:INFO:Uploading model into container now
2026-02-09 17:18:04,376:INFO:_master_model_container: 11
2026-02-09 17:18:04,376:INFO:_display_container: 2
2026-02-09 17:18:04,376:INFO:KNeighborsRegressor(n_jobs=-1)
2026-02-09 17:18:04,376:INFO:create_model() successfully completed......................................
2026-02-09 17:18:04,458:INFO:SubProcess create_model() end ==================================
2026-02-09 17:18:04,458:INFO:Creating metrics dataframe
2026-02-09 17:18:04,470:INFO:Initializing Decision Tree Regressor
2026-02-09 17:18:04,471:INFO:Total runtime is 0.13756849368413293 minutes
2026-02-09 17:18:04,474:INFO:SubProcess create_model() called ==================================
2026-02-09 17:18:04,474:INFO:Initializing create_model()
2026-02-09 17:18:04,474:INFO:create_model(self=<pycaret.regression.oop.RegressionExperiment object at 0x000001EBABA53D50>, estimator=dt, fold=KFold(n_splits=5, random_state=None, shuffle=False), round=4, cross_validation=True, predict=True, fit_kwargs={}, groups=None, refit=False, probability_threshold=None, experiment_custom_tags=None, verbose=False, system=False, add_to_model_list=True, metrics=None, display=<pycaret.internal.display.display.CommonDisplay object at 0x000001EBAB8335D0>, model_only=True, return_train_score=False, error_score=0.0, kwargs={})
2026-02-09 17:18:04,474:INFO:Checking exceptions
2026-02-09 17:18:04,474:INFO:Importing libraries
2026-02-09 17:18:04,474:INFO:Copying training dataset
2026-02-09 17:18:04,476:INFO:Defining folds
2026-02-09 17:18:04,476:INFO:Declaring metric variables
2026-02-09 17:18:04,479:INFO:Importing untrained model
2026-02-09 17:18:04,482:INFO:Decision Tree Regressor Imported successfully
2026-02-09 17:18:04,488:INFO:Starting cross validation
2026-02-09 17:18:04,489:INFO:Cross validating with KFold(n_splits=5, random_state=None, shuffle=False), n_jobs=-1
2026-02-09 17:18:04,558:INFO:Calculating mean and std
2026-02-09 17:18:04,558:INFO:Creating metrics dataframe
2026-02-09 17:18:04,559:INFO:Uploading results into container
2026-02-09 17:18:04,560:INFO:Uploading model into container now
2026-02-09 17:18:04,560:INFO:_master_model_container: 12
2026-02-09 17:18:04,560:INFO:_display_container: 2
2026-02-09 17:18:04,560:INFO:DecisionTreeRegressor(random_state=52)
2026-02-09 17:18:04,560:INFO:create_model() successfully completed......................................
2026-02-09 17:18:04,648:INFO:SubProcess create_model() end ==================================
2026-02-09 17:18:04,648:INFO:Creating metrics dataframe
2026-02-09 17:18:04,653:INFO:Initializing Random Forest Regressor
2026-02-09 17:18:04,653:INFO:Total runtime is 0.14060120979944868 minutes
2026-02-09 17:18:04,656:INFO:SubProcess create_model() called ==================================
2026-02-09 17:18:04,657:INFO:Initializing create_model()
2026-02-09 17:18:04,657:INFO:create_model(self=<pycaret.regression.oop.RegressionExperiment object at 0x000001EBABA53D50>, estimator=rf, fold=KFold(n_splits=5, random_state=None, shuffle=False), round=4, cross_validation=True, predict=True, fit_kwargs={}, groups=None, refit=False, probability_threshold=None, experiment_custom_tags=None, verbose=False, system=False, add_to_model_list=True, metrics=None, display=<pycaret.internal.display.display.CommonDisplay object at 0x000001EBAB8335D0>, model_only=True, return_train_score=False, error_score=0.0, kwargs={})
2026-02-09 17:18:04,657:INFO:Checking exceptions
2026-02-09 17:18:04,657:INFO:Importing libraries
2026-02-09 17:18:04,657:INFO:Copying training dataset
2026-02-09 17:18:04,659:INFO:Defining folds
2026-02-09 17:18:04,659:INFO:Declaring metric variables
2026-02-09 17:18:04,662:INFO:Importing untrained model
2026-02-09 17:18:04,662:INFO:Random Forest Regressor Imported successfully
2026-02-09 17:18:04,672:INFO:Starting cross validation
2026-02-09 17:18:04,673:INFO:Cross validating with KFold(n_splits=5, random_state=None, shuffle=False), n_jobs=-1
2026-02-09 17:18:04,857:INFO:Calculating mean and std
2026-02-09 17:18:04,857:INFO:Creating metrics dataframe
2026-02-09 17:18:04,859:INFO:Uploading results into container
2026-02-09 17:18:04,859:INFO:Uploading model into container now
2026-02-09 17:18:04,859:INFO:_master_model_container: 13
2026-02-09 17:18:04,859:INFO:_display_container: 2
2026-02-09 17:18:04,860:INFO:RandomForestRegressor(n_jobs=-1, random_state=52)
2026-02-09 17:18:04,860:INFO:create_model() successfully completed......................................
2026-02-09 17:18:04,944:INFO:SubProcess create_model() end ==================================
2026-02-09 17:18:04,944:INFO:Creating metrics dataframe
2026-02-09 17:18:04,949:INFO:Initializing Extra Trees Regressor
2026-02-09 17:18:04,949:INFO:Total runtime is 0.14553277095158898 minutes
2026-02-09 17:18:04,952:INFO:SubProcess create_model() called ==================================
2026-02-09 17:18:04,953:INFO:Initializing create_model()
2026-02-09 17:18:04,953:INFO:create_model(self=<pycaret.regression.oop.RegressionExperiment object at 0x000001EBABA53D50>, estimator=et, fold=KFold(n_splits=5, random_state=None, shuffle=False), round=4, cross_validation=True, predict=True, fit_kwargs={}, groups=None, refit=False, probability_threshold=None, experiment_custom_tags=None, verbose=False, system=False, add_to_model_list=True, metrics=None, display=<pycaret.internal.display.display.CommonDisplay object at 0x000001EBAB8335D0>, model_only=True, return_train_score=False, error_score=0.0, kwargs={})
2026-02-09 17:18:04,953:INFO:Checking exceptions
2026-02-09 17:18:04,953:INFO:Importing libraries
2026-02-09 17:18:04,953:INFO:Copying training dataset
2026-02-09 17:18:04,953:INFO:Defining folds
2026-02-09 17:18:04,953:INFO:Declaring metric variables
2026-02-09 17:18:04,953:INFO:Importing untrained model
2026-02-09 17:18:04,953:INFO:Extra Trees Regressor Imported successfully
2026-02-09 17:18:04,953:INFO:Starting cross validation
2026-02-09 17:18:04,953:INFO:Cross validating with KFold(n_splits=5, random_state=None, shuffle=False), n_jobs=-1
2026-02-09 17:18:05,117:INFO:Calculating mean and std
2026-02-09 17:18:05,117:INFO:Creating metrics dataframe
2026-02-09 17:18:05,119:INFO:Uploading results into container
2026-02-09 17:18:05,119:INFO:Uploading model into container now
2026-02-09 17:18:05,119:INFO:_master_model_container: 14
2026-02-09 17:18:05,119:INFO:_display_container: 2
2026-02-09 17:18:05,119:INFO:ExtraTreesRegressor(n_jobs=-1, random_state=52)
2026-02-09 17:18:05,119:INFO:create_model() successfully completed......................................
2026-02-09 17:18:05,206:INFO:SubProcess create_model() end ==================================
2026-02-09 17:18:05,206:INFO:Creating metrics dataframe
2026-02-09 17:18:05,210:INFO:Initializing AdaBoost Regressor
2026-02-09 17:18:05,210:INFO:Total runtime is 0.149884835879008 minutes
2026-02-09 17:18:05,210:INFO:SubProcess create_model() called ==================================
2026-02-09 17:18:05,210:INFO:Initializing create_model()
2026-02-09 17:18:05,210:INFO:create_model(self=<pycaret.regression.oop.RegressionExperiment object at 0x000001EBABA53D50>, estimator=ada, fold=KFold(n_splits=5, random_state=None, shuffle=False), round=4, cross_validation=True, predict=True, fit_kwargs={}, groups=None, refit=False, probability_threshold=None, experiment_custom_tags=None, verbose=False, system=False, add_to_model_list=True, metrics=None, display=<pycaret.internal.display.display.CommonDisplay object at 0x000001EBAB8335D0>, model_only=True, return_train_score=False, error_score=0.0, kwargs={})
2026-02-09 17:18:05,210:INFO:Checking exceptions
2026-02-09 17:18:05,210:INFO:Importing libraries
2026-02-09 17:18:05,210:INFO:Copying training dataset
2026-02-09 17:18:05,210:INFO:Defining folds
2026-02-09 17:18:05,210:INFO:Declaring metric variables
2026-02-09 17:18:05,220:INFO:Importing untrained model
2026-02-09 17:18:05,223:INFO:AdaBoost Regressor Imported successfully
2026-02-09 17:18:05,230:INFO:Starting cross validation
2026-02-09 17:18:05,231:INFO:Cross validating with KFold(n_splits=5, random_state=None, shuffle=False), n_jobs=-1
2026-02-09 17:18:05,351:INFO:Calculating mean and std
2026-02-09 17:18:05,351:INFO:Creating metrics dataframe
2026-02-09 17:18:05,352:INFO:Uploading results into container
2026-02-09 17:18:05,352:INFO:Uploading model into container now
2026-02-09 17:18:05,353:INFO:_master_model_container: 15
2026-02-09 17:18:05,353:INFO:_display_container: 2
2026-02-09 17:18:05,353:INFO:AdaBoostRegressor(random_state=52)
2026-02-09 17:18:05,353:INFO:create_model() successfully completed......................................
2026-02-09 17:18:05,437:INFO:SubProcess create_model() end ==================================
2026-02-09 17:18:05,437:INFO:Creating metrics dataframe
2026-02-09 17:18:05,442:INFO:Initializing Gradient Boosting Regressor
2026-02-09 17:18:05,442:INFO:Total runtime is 0.15375589927037558 minutes
2026-02-09 17:18:05,445:INFO:SubProcess create_model() called ==================================
2026-02-09 17:18:05,446:INFO:Initializing create_model()
2026-02-09 17:18:05,446:INFO:create_model(self=<pycaret.regression.oop.RegressionExperiment object at 0x000001EBABA53D50>, estimator=gbr, fold=KFold(n_splits=5, random_state=None, shuffle=False), round=4, cross_validation=True, predict=True, fit_kwargs={}, groups=None, refit=False, probability_threshold=None, experiment_custom_tags=None, verbose=False, system=False, add_to_model_list=True, metrics=None, display=<pycaret.internal.display.display.CommonDisplay object at 0x000001EBAB8335D0>, model_only=True, return_train_score=False, error_score=0.0, kwargs={})
2026-02-09 17:18:05,446:INFO:Checking exceptions
2026-02-09 17:18:05,446:INFO:Importing libraries
2026-02-09 17:18:05,446:INFO:Copying training dataset
2026-02-09 17:18:05,449:INFO:Defining folds
2026-02-09 17:18:05,449:INFO:Declaring metric variables
2026-02-09 17:18:05,452:INFO:Importing untrained model
2026-02-09 17:18:05,456:INFO:Gradient Boosting Regressor Imported successfully
2026-02-09 17:18:05,456:INFO:Starting cross validation
2026-02-09 17:18:05,456:INFO:Cross validating with KFold(n_splits=5, random_state=None, shuffle=False), n_jobs=-1
2026-02-09 17:18:05,595:INFO:Calculating mean and std
2026-02-09 17:18:05,596:INFO:Creating metrics dataframe
2026-02-09 17:18:05,597:INFO:Uploading results into container
2026-02-09 17:18:05,597:INFO:Uploading model into container now
2026-02-09 17:18:05,598:INFO:_master_model_container: 16
2026-02-09 17:18:05,598:INFO:_display_container: 2
2026-02-09 17:18:05,598:INFO:GradientBoostingRegressor(random_state=52)
2026-02-09 17:18:05,598:INFO:create_model() successfully completed......................................
2026-02-09 17:18:05,686:INFO:SubProcess create_model() end ==================================
2026-02-09 17:18:05,687:INFO:Creating metrics dataframe
2026-02-09 17:18:05,692:INFO:Initializing Extreme Gradient Boosting
2026-02-09 17:18:05,692:INFO:Total runtime is 0.15792206525802613 minutes
2026-02-09 17:18:05,696:INFO:SubProcess create_model() called ==================================
2026-02-09 17:18:05,696:INFO:Initializing create_model()
2026-02-09 17:18:05,696:INFO:create_model(self=<pycaret.regression.oop.RegressionExperiment object at 0x000001EBABA53D50>, estimator=xgboost, fold=KFold(n_splits=5, random_state=None, shuffle=False), round=4, cross_validation=True, predict=True, fit_kwargs={}, groups=None, refit=False, probability_threshold=None, experiment_custom_tags=None, verbose=False, system=False, add_to_model_list=True, metrics=None, display=<pycaret.internal.display.display.CommonDisplay object at 0x000001EBAB8335D0>, model_only=True, return_train_score=False, error_score=0.0, kwargs={})
2026-02-09 17:18:05,696:INFO:Checking exceptions
2026-02-09 17:18:05,696:INFO:Importing libraries
2026-02-09 17:18:05,696:INFO:Copying training dataset
2026-02-09 17:18:05,698:INFO:Defining folds
2026-02-09 17:18:05,698:INFO:Declaring metric variables
2026-02-09 17:18:05,701:INFO:Importing untrained model
2026-02-09 17:18:05,704:INFO:Extreme Gradient Boosting Imported successfully
2026-02-09 17:18:05,711:INFO:Starting cross validation
2026-02-09 17:18:05,711:INFO:Cross validating with KFold(n_splits=5, random_state=None, shuffle=False), n_jobs=-1
2026-02-09 17:18:05,844:INFO:Calculating mean and std
2026-02-09 17:18:05,844:INFO:Creating metrics dataframe
2026-02-09 17:18:05,846:INFO:Uploading results into container
2026-02-09 17:18:05,846:INFO:Uploading model into container now
2026-02-09 17:18:05,846:INFO:_master_model_container: 17
2026-02-09 17:18:05,846:INFO:_display_container: 2
2026-02-09 17:18:05,847:INFO:XGBRegressor(base_score=None, booster='gbtree', callbacks=None,
             colsample_bylevel=None, colsample_bynode=None,
             colsample_bytree=None, device='cpu', early_stopping_rounds=None,
             enable_categorical=False, eval_metric=None, feature_types=None,
             gamma=None, grow_policy=None, importance_type=None,
             interaction_constraints=None, learning_rate=None, max_bin=None,
             max_cat_threshold=None, max_cat_to_onehot=None,
             max_delta_step=None, max_depth=None, max_leaves=None,
             min_child_weight=None, missing=nan, monotone_constraints=None,
             multi_strategy=None, n_estimators=None, n_jobs=-1,
             num_parallel_tree=None, random_state=52, ...)
2026-02-09 17:18:05,847:INFO:create_model() successfully completed......................................
2026-02-09 17:18:05,941:INFO:SubProcess create_model() end ==================================
2026-02-09 17:18:05,941:INFO:Creating metrics dataframe
2026-02-09 17:18:05,946:INFO:Initializing Light Gradient Boosting Machine
2026-02-09 17:18:05,946:INFO:Total runtime is 0.1621466080347697 minutes
2026-02-09 17:18:05,949:INFO:SubProcess create_model() called ==================================
2026-02-09 17:18:05,949:INFO:Initializing create_model()
2026-02-09 17:18:05,949:INFO:create_model(self=<pycaret.regression.oop.RegressionExperiment object at 0x000001EBABA53D50>, estimator=lightgbm, fold=KFold(n_splits=5, random_state=None, shuffle=False), round=4, cross_validation=True, predict=True, fit_kwargs={}, groups=None, refit=False, probability_threshold=None, experiment_custom_tags=None, verbose=False, system=False, add_to_model_list=True, metrics=None, display=<pycaret.internal.display.display.CommonDisplay object at 0x000001EBAB8335D0>, model_only=True, return_train_score=False, error_score=0.0, kwargs={})
2026-02-09 17:18:05,949:INFO:Checking exceptions
2026-02-09 17:18:05,949:INFO:Importing libraries
2026-02-09 17:18:05,949:INFO:Copying training dataset
2026-02-09 17:18:05,952:INFO:Defining folds
2026-02-09 17:18:05,952:INFO:Declaring metric variables
2026-02-09 17:18:05,955:INFO:Importing untrained model
2026-02-09 17:18:05,958:INFO:Light Gradient Boosting Machine Imported successfully
2026-02-09 17:18:05,965:INFO:Starting cross validation
2026-02-09 17:18:05,965:INFO:Cross validating with KFold(n_splits=5, random_state=None, shuffle=False), n_jobs=-1
2026-02-09 17:18:06,170:INFO:Calculating mean and std
2026-02-09 17:18:06,171:INFO:Creating metrics dataframe
2026-02-09 17:18:06,173:INFO:Uploading results into container
2026-02-09 17:18:06,173:INFO:Uploading model into container now
2026-02-09 17:18:06,174:INFO:_master_model_container: 18
2026-02-09 17:18:06,174:INFO:_display_container: 2
2026-02-09 17:18:06,174:INFO:LGBMRegressor(n_jobs=-1, random_state=52)
2026-02-09 17:18:06,174:INFO:create_model() successfully completed......................................
2026-02-09 17:18:06,274:INFO:SubProcess create_model() end ==================================
2026-02-09 17:18:06,274:INFO:Creating metrics dataframe
2026-02-09 17:18:06,280:INFO:Initializing CatBoost Regressor
2026-02-09 17:18:06,280:INFO:Total runtime is 0.16771335204442345 minutes
2026-02-09 17:18:06,282:INFO:SubProcess create_model() called ==================================
2026-02-09 17:18:06,282:INFO:Initializing create_model()
2026-02-09 17:18:06,283:INFO:create_model(self=<pycaret.regression.oop.RegressionExperiment object at 0x000001EBABA53D50>, estimator=catboost, fold=KFold(n_splits=5, random_state=None, shuffle=False), round=4, cross_validation=True, predict=True, fit_kwargs={}, groups=None, refit=False, probability_threshold=None, experiment_custom_tags=None, verbose=False, system=False, add_to_model_list=True, metrics=None, display=<pycaret.internal.display.display.CommonDisplay object at 0x000001EBAB8335D0>, model_only=True, return_train_score=False, error_score=0.0, kwargs={})
2026-02-09 17:18:06,283:INFO:Checking exceptions
2026-02-09 17:18:06,283:INFO:Importing libraries
2026-02-09 17:18:06,283:INFO:Copying training dataset
2026-02-09 17:18:06,285:INFO:Defining folds
2026-02-09 17:18:06,285:INFO:Declaring metric variables
2026-02-09 17:18:06,289:INFO:Importing untrained model
2026-02-09 17:18:06,310:INFO:CatBoost Regressor Imported successfully
2026-02-09 17:18:06,323:INFO:Starting cross validation
2026-02-09 17:18:06,324:INFO:Cross validating with KFold(n_splits=5, random_state=None, shuffle=False), n_jobs=-1
2026-02-09 17:18:07,635:WARNING:c:\Users\itwill\AppData\Local\Programs\Python\Python311\Lib\site-packages\sklearn\model_selection\_validation.py:547: FitFailedWarning: 
4 fits failed out of a total of 5.
The score on these train-test partitions for these parameters will be set to 0.0.
If these failures are not expected, you can try to debug them by setting error_score='raise'.

Below are more details about the failures:
--------------------------------------------------------------------------------
4 fits failed with the following error:
Traceback (most recent call last):
  File "c:\Users\itwill\AppData\Local\Programs\Python\Python311\Lib\site-packages\sklearn\model_selection\_validation.py", line 895, in _fit_and_score
    estimator.fit(X_train, y_train, **fit_params)
  File "c:\Users\itwill\AppData\Local\Programs\Python\Python311\Lib\site-packages\pycaret\internal\pipeline.py", line 278, in fit
    fitted_estimator = self._memory_fit(
                       ^^^^^^^^^^^^^^^^^
  File "c:\Users\itwill\AppData\Local\Programs\Python\Python311\Lib\site-packages\joblib\memory.py", line 353, in __call__
    return self.func(*args, **kwargs)
           ^^^^^^^^^^^^^^^^^^^^^^^^^^
  File "c:\Users\itwill\AppData\Local\Programs\Python\Python311\Lib\site-packages\pycaret\internal\pipeline.py", line 69, in _fit_one
    transformer.fit(*args)
  File "c:\Users\itwill\AppData\Local\Programs\Python\Python311\Lib\site-packages\catboost\core.py", line 5873, in fit
    return self._fit(X, y, cat_features, text_features, embedding_features, None, graph, sample_weight, None, None, None, None, baseline,
           ^^^^^^^^^^^^^^^^^^^^^^^^^^^^^^^^^^^^^^^^^^^^^^^^^^^^^^^^^^^^^^^^^^^^^^^^^^^^^^^^^^^^^^^^^^^^^^^^^^^^^^^^^^^^^^^^^^^^^^^^^^^^^^
  File "c:\Users\itwill\AppData\Local\Programs\Python\Python311\Lib\site-packages\catboost\core.py", line 2410, in _fit
    self._train(
  File "c:\Users\itwill\AppData\Local\Programs\Python\Python311\Lib\site-packages\catboost\core.py", line 1790, in _train
    self._object._train(train_pool, test_pool, params, allow_clear_pool, init_model._object if init_model else None)
  File "_catboost.pyx", line 5023, in _catboost._CatBoost._train
  File "_catboost.pyx", line 5072, in _catboost._CatBoost._train
_catboost.CatBoostError: catboost/libs/train_lib/dir_helper.cpp:20: Can't create train working dir: catboost_info

  warnings.warn(some_fits_failed_message, FitFailedWarning)

2026-02-09 17:18:07,635:INFO:Calculating mean and std
2026-02-09 17:18:07,635:INFO:Creating metrics dataframe
2026-02-09 17:18:07,638:INFO:Uploading results into container
2026-02-09 17:18:07,638:INFO:Uploading model into container now
2026-02-09 17:18:07,638:INFO:_master_model_container: 19
2026-02-09 17:18:07,638:INFO:_display_container: 2
2026-02-09 17:18:07,638:INFO:<catboost.core.CatBoostRegressor object at 0x000001EBABD21410>
2026-02-09 17:18:07,638:INFO:create_model() successfully completed......................................
2026-02-09 17:18:07,720:WARNING:create_model() for <catboost.core.CatBoostRegressor object at 0x000001EBABD21410> raised an exception or returned all 0.0, trying without fit_kwargs:
2026-02-09 17:18:07,721:WARNING:Traceback (most recent call last):
  File "c:\Users\itwill\AppData\Local\Programs\Python\Python311\Lib\site-packages\pycaret\internal\pycaret_experiment\supervised_experiment.py", line 797, in compare_models
    np.sum(
AssertionError

2026-02-09 17:18:07,721:INFO:Initializing create_model()
2026-02-09 17:18:07,721:INFO:create_model(self=<pycaret.regression.oop.RegressionExperiment object at 0x000001EBABA53D50>, estimator=catboost, fold=KFold(n_splits=5, random_state=None, shuffle=False), round=4, cross_validation=True, predict=True, fit_kwargs={}, groups=None, refit=False, probability_threshold=None, experiment_custom_tags=None, verbose=False, system=False, add_to_model_list=True, metrics=None, display=<pycaret.internal.display.display.CommonDisplay object at 0x000001EBAB8335D0>, model_only=True, return_train_score=False, error_score=0.0, kwargs={})
2026-02-09 17:18:07,721:INFO:Checking exceptions
2026-02-09 17:18:07,721:INFO:Importing libraries
2026-02-09 17:18:07,721:INFO:Copying training dataset
2026-02-09 17:18:07,724:INFO:Defining folds
2026-02-09 17:18:07,724:INFO:Declaring metric variables
2026-02-09 17:18:07,727:INFO:Importing untrained model
2026-02-09 17:18:07,729:INFO:CatBoost Regressor Imported successfully
2026-02-09 17:18:07,736:INFO:Starting cross validation
2026-02-09 17:18:07,737:INFO:Cross validating with KFold(n_splits=5, random_state=None, shuffle=False), n_jobs=-1
2026-02-09 17:18:09,466:INFO:Calculating mean and std
2026-02-09 17:18:09,466:INFO:Creating metrics dataframe
2026-02-09 17:18:09,467:INFO:Uploading results into container
2026-02-09 17:18:09,468:INFO:Uploading model into container now
2026-02-09 17:18:09,468:INFO:_master_model_container: 20
2026-02-09 17:18:09,468:INFO:_display_container: 2
2026-02-09 17:18:09,468:INFO:<catboost.core.CatBoostRegressor object at 0x000001EBAD241610>
2026-02-09 17:18:09,468:INFO:create_model() successfully completed......................................
2026-02-09 17:18:09,549:INFO:SubProcess create_model() end ==================================
2026-02-09 17:18:09,549:INFO:Creating metrics dataframe
2026-02-09 17:18:09,555:INFO:Initializing Dummy Regressor
2026-02-09 17:18:09,555:INFO:Total runtime is 0.22230626742045087 minutes
2026-02-09 17:18:09,558:INFO:SubProcess create_model() called ==================================
2026-02-09 17:18:09,559:INFO:Initializing create_model()
2026-02-09 17:18:09,559:INFO:create_model(self=<pycaret.regression.oop.RegressionExperiment object at 0x000001EBABA53D50>, estimator=dummy, fold=KFold(n_splits=5, random_state=None, shuffle=False), round=4, cross_validation=True, predict=True, fit_kwargs={}, groups=None, refit=False, probability_threshold=None, experiment_custom_tags=None, verbose=False, system=False, add_to_model_list=True, metrics=None, display=<pycaret.internal.display.display.CommonDisplay object at 0x000001EBAB8335D0>, model_only=True, return_train_score=False, error_score=0.0, kwargs={})
2026-02-09 17:18:09,559:INFO:Checking exceptions
2026-02-09 17:18:09,559:INFO:Importing libraries
2026-02-09 17:18:09,559:INFO:Copying training dataset
2026-02-09 17:18:09,561:INFO:Defining folds
2026-02-09 17:18:09,561:INFO:Declaring metric variables
2026-02-09 17:18:09,563:INFO:Importing untrained model
2026-02-09 17:18:09,566:INFO:Dummy Regressor Imported successfully
2026-02-09 17:18:09,574:INFO:Starting cross validation
2026-02-09 17:18:09,574:INFO:Cross validating with KFold(n_splits=5, random_state=None, shuffle=False), n_jobs=-1
2026-02-09 17:18:09,630:INFO:Calculating mean and std
2026-02-09 17:18:09,630:INFO:Creating metrics dataframe
2026-02-09 17:18:09,631:INFO:Uploading results into container
2026-02-09 17:18:09,632:INFO:Uploading model into container now
2026-02-09 17:18:09,632:INFO:_master_model_container: 21
2026-02-09 17:18:09,632:INFO:_display_container: 2
2026-02-09 17:18:09,632:INFO:DummyRegressor()
2026-02-09 17:18:09,632:INFO:create_model() successfully completed......................................
2026-02-09 17:18:09,720:INFO:SubProcess create_model() end ==================================
2026-02-09 17:18:09,720:INFO:Creating metrics dataframe
2026-02-09 17:18:09,728:WARNING:c:\Users\itwill\AppData\Local\Programs\Python\Python311\Lib\site-packages\pycaret\internal\pycaret_experiment\supervised_experiment.py:339: FutureWarning: Styler.applymap has been deprecated. Use Styler.map instead.
  .applymap(highlight_cols, subset=["TT (Sec)"])

2026-02-09 17:18:09,735:INFO:Initializing create_model()
2026-02-09 17:18:09,735:INFO:create_model(self=<pycaret.regression.oop.RegressionExperiment object at 0x000001EBABA53D50>, estimator=BayesianRidge(), fold=KFold(n_splits=5, random_state=None, shuffle=False), round=4, cross_validation=False, predict=False, fit_kwargs={}, groups=None, refit=True, probability_threshold=None, experiment_custom_tags=None, verbose=False, system=False, add_to_model_list=True, metrics=None, display=None, model_only=True, return_train_score=False, error_score=0.0, kwargs={})
2026-02-09 17:18:09,736:INFO:Checking exceptions
2026-02-09 17:18:09,737:INFO:Importing libraries
2026-02-09 17:18:09,737:INFO:Copying training dataset
2026-02-09 17:18:09,739:INFO:Defining folds
2026-02-09 17:18:09,739:INFO:Declaring metric variables
2026-02-09 17:18:09,739:INFO:Importing untrained model
2026-02-09 17:18:09,739:INFO:Declaring custom model
2026-02-09 17:18:09,739:INFO:Bayesian Ridge Imported successfully
2026-02-09 17:18:09,739:INFO:Cross validation set to False
2026-02-09 17:18:09,739:INFO:Fitting Model
2026-02-09 17:18:09,777:INFO:BayesianRidge()
2026-02-09 17:18:09,777:INFO:create_model() successfully completed......................................
2026-02-09 17:18:09,883:INFO:Initializing create_model()
2026-02-09 17:18:09,883:INFO:create_model(self=<pycaret.regression.oop.RegressionExperiment object at 0x000001EBABA53D50>, estimator=Ridge(random_state=52), fold=KFold(n_splits=5, random_state=None, shuffle=False), round=4, cross_validation=False, predict=False, fit_kwargs={}, groups=None, refit=True, probability_threshold=None, experiment_custom_tags=None, verbose=False, system=False, add_to_model_list=True, metrics=None, display=None, model_only=True, return_train_score=False, error_score=0.0, kwargs={})
2026-02-09 17:18:09,883:INFO:Checking exceptions
2026-02-09 17:18:09,884:INFO:Importing libraries
2026-02-09 17:18:09,884:INFO:Copying training dataset
2026-02-09 17:18:09,886:INFO:Defining folds
2026-02-09 17:18:09,886:INFO:Declaring metric variables
2026-02-09 17:18:09,886:INFO:Importing untrained model
2026-02-09 17:18:09,886:INFO:Declaring custom model
2026-02-09 17:18:09,886:INFO:Ridge Regression Imported successfully
2026-02-09 17:18:09,887:INFO:Cross validation set to False
2026-02-09 17:18:09,887:INFO:Fitting Model
2026-02-09 17:18:09,907:INFO:Ridge(random_state=52)
2026-02-09 17:18:09,907:INFO:create_model() successfully completed......................................
2026-02-09 17:18:10,003:INFO:Initializing create_model()
2026-02-09 17:18:10,003:INFO:create_model(self=<pycaret.regression.oop.RegressionExperiment object at 0x000001EBABA53D50>, estimator=LinearRegression(n_jobs=-1), fold=KFold(n_splits=5, random_state=None, shuffle=False), round=4, cross_validation=False, predict=False, fit_kwargs={}, groups=None, refit=True, probability_threshold=None, experiment_custom_tags=None, verbose=False, system=False, add_to_model_list=True, metrics=None, display=None, model_only=True, return_train_score=False, error_score=0.0, kwargs={})
2026-02-09 17:18:10,003:INFO:Checking exceptions
2026-02-09 17:18:10,004:INFO:Importing libraries
2026-02-09 17:18:10,004:INFO:Copying training dataset
2026-02-09 17:18:10,006:INFO:Defining folds
2026-02-09 17:18:10,006:INFO:Declaring metric variables
2026-02-09 17:18:10,007:INFO:Importing untrained model
2026-02-09 17:18:10,007:INFO:Declaring custom model
2026-02-09 17:18:10,007:INFO:Linear Regression Imported successfully
2026-02-09 17:18:10,007:INFO:Cross validation set to False
2026-02-09 17:18:10,007:INFO:Fitting Model
2026-02-09 17:18:10,025:INFO:LinearRegression(n_jobs=-1)
2026-02-09 17:18:10,025:INFO:create_model() successfully completed......................................
2026-02-09 17:18:10,122:INFO:Initializing create_model()
2026-02-09 17:18:10,122:INFO:create_model(self=<pycaret.regression.oop.RegressionExperiment object at 0x000001EBABA53D50>, estimator=Lars(random_state=52), fold=KFold(n_splits=5, random_state=None, shuffle=False), round=4, cross_validation=False, predict=False, fit_kwargs={}, groups=None, refit=True, probability_threshold=None, experiment_custom_tags=None, verbose=False, system=False, add_to_model_list=True, metrics=None, display=None, model_only=True, return_train_score=False, error_score=0.0, kwargs={})
2026-02-09 17:18:10,122:INFO:Checking exceptions
2026-02-09 17:18:10,123:INFO:Importing libraries
2026-02-09 17:18:10,123:INFO:Copying training dataset
2026-02-09 17:18:10,125:INFO:Defining folds
2026-02-09 17:18:10,125:INFO:Declaring metric variables
2026-02-09 17:18:10,125:INFO:Importing untrained model
2026-02-09 17:18:10,125:INFO:Declaring custom model
2026-02-09 17:18:10,125:INFO:Least Angle Regression Imported successfully
2026-02-09 17:18:10,126:INFO:Cross validation set to False
2026-02-09 17:18:10,126:INFO:Fitting Model
2026-02-09 17:18:10,146:INFO:Lars(random_state=52)
2026-02-09 17:18:10,146:INFO:create_model() successfully completed......................................
2026-02-09 17:18:10,242:INFO:Initializing create_model()
2026-02-09 17:18:10,243:INFO:create_model(self=<pycaret.regression.oop.RegressionExperiment object at 0x000001EBABA53D50>, estimator=HuberRegressor(), fold=KFold(n_splits=5, random_state=None, shuffle=False), round=4, cross_validation=False, predict=False, fit_kwargs={}, groups=None, refit=True, probability_threshold=None, experiment_custom_tags=None, verbose=False, system=False, add_to_model_list=True, metrics=None, display=None, model_only=True, return_train_score=False, error_score=0.0, kwargs={})
2026-02-09 17:18:10,243:INFO:Checking exceptions
2026-02-09 17:18:10,244:INFO:Importing libraries
2026-02-09 17:18:10,244:INFO:Copying training dataset
2026-02-09 17:18:10,246:INFO:Defining folds
2026-02-09 17:18:10,246:INFO:Declaring metric variables
2026-02-09 17:18:10,246:INFO:Importing untrained model
2026-02-09 17:18:10,246:INFO:Declaring custom model
2026-02-09 17:18:10,246:INFO:Huber Regressor Imported successfully
2026-02-09 17:18:10,247:INFO:Cross validation set to False
2026-02-09 17:18:10,247:INFO:Fitting Model
2026-02-09 17:18:10,265:INFO:HuberRegressor()
2026-02-09 17:18:10,265:INFO:create_model() successfully completed......................................
2026-02-09 17:18:10,374:INFO:_master_model_container: 21
2026-02-09 17:18:10,374:INFO:_display_container: 2
2026-02-09 17:18:10,374:INFO:[BayesianRidge(), Ridge(random_state=52), LinearRegression(n_jobs=-1), Lars(random_state=52), HuberRegressor()]
2026-02-09 17:18:10,374:INFO:compare_models() successfully completed......................................
2026-02-09 17:21:27,868:INFO:Initializing blend_models()
2026-02-09 17:21:27,869:INFO:blend_models(self=<pycaret.regression.oop.RegressionExperiment object at 0x000001EBABA53D50>, estimator_list=[BayesianRidge(), Ridge(random_state=52), LinearRegression(n_jobs=-1), Lars(random_state=52), HuberRegressor()], fold=5, round=4, choose_better=False, optimize=R2, method=auto, weights=None, fit_kwargs=None, groups=None, probability_threshold=None, verbose=True, return_train_score=False)
2026-02-09 17:21:27,869:INFO:Checking exceptions
2026-02-09 17:21:27,882:INFO:Importing libraries
2026-02-09 17:21:27,882:INFO:Copying training dataset
2026-02-09 17:21:27,888:INFO:Getting model names
2026-02-09 17:21:27,891:INFO:SubProcess create_model() called ==================================
2026-02-09 17:21:27,894:INFO:Initializing create_model()
2026-02-09 17:21:27,894:INFO:create_model(self=<pycaret.regression.oop.RegressionExperiment object at 0x000001EBABA53D50>, estimator=VotingRegressor(estimators=[('Bayesian Ridge', BayesianRidge()),
                            ('Ridge Regression', Ridge(random_state=52)),
                            ('Linear Regression', LinearRegression(n_jobs=-1)),
                            ('Least Angle Regression', Lars(random_state=52)),
                            ('Huber Regressor', HuberRegressor())],
                n_jobs=-1), fold=KFold(n_splits=5, random_state=None, shuffle=False), round=4, cross_validation=True, predict=True, fit_kwargs={}, groups=None, refit=True, probability_threshold=None, experiment_custom_tags=None, verbose=True, system=False, add_to_model_list=True, metrics=None, display=<pycaret.internal.display.display.CommonDisplay object at 0x000001EBAF617D90>, model_only=True, return_train_score=False, error_score=0.0, kwargs={})
2026-02-09 17:21:27,894:INFO:Checking exceptions
2026-02-09 17:21:27,894:INFO:Importing libraries
2026-02-09 17:21:27,894:INFO:Copying training dataset
2026-02-09 17:21:27,896:INFO:Defining folds
2026-02-09 17:21:27,896:INFO:Declaring metric variables
2026-02-09 17:21:27,899:INFO:Importing untrained model
2026-02-09 17:21:27,899:INFO:Declaring custom model
2026-02-09 17:21:27,905:INFO:Voting Regressor Imported successfully
2026-02-09 17:21:27,912:INFO:Starting cross validation
2026-02-09 17:21:27,913:INFO:Cross validating with KFold(n_splits=5, random_state=None, shuffle=False), n_jobs=-1
2026-02-09 17:21:28,025:INFO:Calculating mean and std
2026-02-09 17:21:28,025:INFO:Creating metrics dataframe
2026-02-09 17:21:28,029:INFO:Finalizing model
2026-02-09 17:21:28,078:INFO:Uploading results into container
2026-02-09 17:21:28,078:INFO:Uploading model into container now
2026-02-09 17:21:28,078:INFO:_master_model_container: 22
2026-02-09 17:21:28,079:INFO:_display_container: 3
2026-02-09 17:21:28,081:INFO:VotingRegressor(estimators=[('Bayesian Ridge', BayesianRidge()),
                            ('Ridge Regression', Ridge(random_state=52)),
                            ('Linear Regression', LinearRegression(n_jobs=-1)),
                            ('Least Angle Regression', Lars(random_state=52)),
                            ('Huber Regressor', HuberRegressor())],
                n_jobs=-1)
2026-02-09 17:21:28,081:INFO:create_model() successfully completed......................................
2026-02-09 17:21:28,299:INFO:SubProcess create_model() end ==================================
2026-02-09 17:21:28,304:INFO:_master_model_container: 22
2026-02-09 17:21:28,304:INFO:_display_container: 3
2026-02-09 17:21:28,306:INFO:VotingRegressor(estimators=[('Bayesian Ridge', BayesianRidge()),
                            ('Ridge Regression', Ridge(random_state=52)),
                            ('Linear Regression', LinearRegression(n_jobs=-1)),
                            ('Least Angle Regression', Lars(random_state=52)),
                            ('Huber Regressor', HuberRegressor())],
                n_jobs=-1)
2026-02-09 17:21:28,306:INFO:blend_models() successfully completed......................................
2026-02-09 17:22:38,376:INFO:Initializing tune_model()
2026-02-09 17:22:38,376:INFO:tune_model(self=<pycaret.regression.oop.RegressionExperiment object at 0x000001EBABA53D50>, estimator=VotingRegressor(estimators=[('Bayesian Ridge', BayesianRidge()),
                            ('Ridge Regression', Ridge(random_state=52)),
                            ('Linear Regression', LinearRegression(n_jobs=-1)),
                            ('Least Angle Regression', Lars(random_state=52)),
                            ('Huber Regressor', HuberRegressor())],
                n_jobs=-1), fold=5, round=4, n_iter=30, custom_grid={'Ridge Regression_alpha': [0.01, 0.1, 1, 10, 100], 'Light Gradient Boosting Machine_n_estimators': [200, 500], 'Light Gradient Boosting Machine_learning_rate': [0.05, 0.1], 'Light Gradient Boosting Machine_num_leaves': [31, 63], 'Light Gradient Boosting Machine_max_depth': [-1, 5], 'Light Gradient Boosting Machine_min_child_samples': [20, 50], 'Light Gradient Boosting Machine_subsample': [0.8, 1.0], 'Light Gradient Boosting Machine_reg_alpha': [0, 0.1, 1], 'Light Gradient Boosting Machine_reg_lambda': [0, 1, 5], 'Support Vector Regression_kernel': ['rbf'], 'Support Vector Regression_C': [0.1, 1, 10, 100], 'Support Vector Regression_epsilon': [0.01, 0.05, 0.1, 0.2], 'Support Vector Regression_gamma': ['scale', 'auto', 0.01, 0.1, 1], 'CatBoost Regressor_iterations': [300, 500], 'CatBoost Regressor_learning_rate': [0.01, 0.03, 0.1], 'CatBoost Regressor_depth': [4, 6, 8], 'CatBoost Regressor_l2_leaf_reg': [1, 3, 5], 'CatBoost Regressor_subsample': [0.8, 1.0]}, optimize=RMSE, custom_scorer=None, search_library=scikit-learn, search_algorithm=grid, early_stopping=True, early_stopping_max_iters=10, choose_better=True, fit_kwargs=None, groups=None, return_tuner=False, verbose=False, tuner_verbose=True, return_train_score=False, kwargs={})
2026-02-09 17:22:38,377:INFO:Checking exceptions
2026-02-09 17:22:38,379:INFO:Copying training dataset
2026-02-09 17:22:38,381:INFO:Checking base model
2026-02-09 17:22:38,381:INFO:Base model : Voting Regressor
2026-02-09 17:22:38,381:INFO:Model has a special tunable class, using that
2026-02-09 17:22:38,382:INFO:Declaring metric variables
2026-02-09 17:22:38,382:INFO:Defining Hyperparameters
2026-02-09 17:22:38,506:INFO:custom_grid: {'actual_estimator__Ridge Regression_alpha': [0.01, 0.1, 1, 10, 100], 'actual_estimator__Light Gradient Boosting Machine_n_estimators': [200, 500], 'actual_estimator__Light Gradient Boosting Machine_learning_rate': [0.05, 0.1], 'actual_estimator__Light Gradient Boosting Machine_num_leaves': [31, 63], 'actual_estimator__Light Gradient Boosting Machine_max_depth': [-1, 5], 'actual_estimator__Light Gradient Boosting Machine_min_child_samples': [20, 50], 'actual_estimator__Light Gradient Boosting Machine_subsample': [0.8, 1.0], 'actual_estimator__Light Gradient Boosting Machine_reg_alpha': [0, 0.1, 1], 'actual_estimator__Light Gradient Boosting Machine_reg_lambda': [0, 1, 5], 'actual_estimator__Support Vector Regression_kernel': ['rbf'], 'actual_estimator__Support Vector Regression_C': [0.1, 1, 10, 100], 'actual_estimator__Support Vector Regression_epsilon': [0.01, 0.05, 0.1, 0.2], 'actual_estimator__Support Vector Regression_gamma': ['scale', 'auto', 0.01, 0.1, 1], 'actual_estimator__CatBoost Regressor_iterations': [300, 500], 'actual_estimator__CatBoost Regressor_learning_rate': [0.01, 0.03, 0.1], 'actual_estimator__CatBoost Regressor_depth': [4, 6, 8], 'actual_estimator__CatBoost Regressor_l2_leaf_reg': [1, 3, 5], 'actual_estimator__CatBoost Regressor_subsample': [0.8, 1.0]}
2026-02-09 17:22:38,507:INFO:Tuning with n_jobs=-1
2026-02-09 17:22:38,507:INFO:Initializing GridSearchCV
2026-02-09 17:27:51,186:INFO:Initializing tune_model()
2026-02-09 17:27:51,186:INFO:tune_model(self=<pycaret.regression.oop.RegressionExperiment object at 0x000001EBABA53D50>, estimator=VotingRegressor(estimators=[('Bayesian Ridge', BayesianRidge()),
                            ('Ridge Regression', Ridge(random_state=52)),
                            ('Linear Regression', LinearRegression(n_jobs=-1)),
                            ('Least Angle Regression', Lars(random_state=52)),
                            ('Huber Regressor', HuberRegressor())],
                n_jobs=-1), fold=5, round=4, n_iter=30, custom_grid={'Ridge Regression_alpha': [0.01, 0.1, 1, 10, 100], 'Light Gradient Boosting Machine_n_estimators': [200, 500], 'Light Gradient Boosting Machine_learning_rate': [0.05, 0.1], 'Light Gradient Boosting Machine_num_leaves': [31, 63], 'Light Gradient Boosting Machine_max_depth': [-1, 5], 'Light Gradient Boosting Machine_min_child_samples': [20, 50], 'Light Gradient Boosting Machine_subsample': [0.8, 1.0], 'Light Gradient Boosting Machine_reg_alpha': [0, 0.1, 1], 'Light Gradient Boosting Machine_reg_lambda': [0, 1, 5], 'Support Vector Regression_kernel': ['rbf'], 'Support Vector Regression_C': [0.1, 1, 10, 100], 'Support Vector Regression_epsilon': [0.01, 0.05, 0.1, 0.2], 'Support Vector Regression_gamma': ['scale', 'auto', 0.01, 0.1, 1], 'CatBoost Regressor_iterations': [300, 500], 'CatBoost Regressor_learning_rate': [0.01, 0.03, 0.1], 'CatBoost Regressor_depth': [4, 6, 8], 'CatBoost Regressor_l2_leaf_reg': [1, 3, 5], 'CatBoost Regressor_subsample': [0.8, 1.0]}, optimize=RMSE, custom_scorer=None, search_library=scikit-learn, search_algorithm=random, early_stopping=True, early_stopping_max_iters=10, choose_better=True, fit_kwargs=None, groups=None, return_tuner=False, verbose=False, tuner_verbose=True, return_train_score=False, kwargs={})
2026-02-09 17:27:51,187:INFO:Checking exceptions
2026-02-09 17:27:51,212:INFO:Copying training dataset
2026-02-09 17:27:51,213:INFO:Checking base model
2026-02-09 17:27:51,213:INFO:Base model : Voting Regressor
2026-02-09 17:27:51,213:INFO:Model has a special tunable class, using that
2026-02-09 17:27:51,213:INFO:Declaring metric variables
2026-02-09 17:27:51,213:INFO:Defining Hyperparameters
2026-02-09 17:27:51,903:INFO:custom_grid: {'actual_estimator__Ridge Regression_alpha': [0.01, 0.1, 1, 10, 100], 'actual_estimator__Light Gradient Boosting Machine_n_estimators': [200, 500], 'actual_estimator__Light Gradient Boosting Machine_learning_rate': [0.05, 0.1], 'actual_estimator__Light Gradient Boosting Machine_num_leaves': [31, 63], 'actual_estimator__Light Gradient Boosting Machine_max_depth': [-1, 5], 'actual_estimator__Light Gradient Boosting Machine_min_child_samples': [20, 50], 'actual_estimator__Light Gradient Boosting Machine_subsample': [0.8, 1.0], 'actual_estimator__Light Gradient Boosting Machine_reg_alpha': [0, 0.1, 1], 'actual_estimator__Light Gradient Boosting Machine_reg_lambda': [0, 1, 5], 'actual_estimator__Support Vector Regression_kernel': ['rbf'], 'actual_estimator__Support Vector Regression_C': [0.1, 1, 10, 100], 'actual_estimator__Support Vector Regression_epsilon': [0.01, 0.05, 0.1, 0.2], 'actual_estimator__Support Vector Regression_gamma': ['scale', 'auto', 0.01, 0.1, 1], 'actual_estimator__CatBoost Regressor_iterations': [300, 500], 'actual_estimator__CatBoost Regressor_learning_rate': [0.01, 0.03, 0.1], 'actual_estimator__CatBoost Regressor_depth': [4, 6, 8], 'actual_estimator__CatBoost Regressor_l2_leaf_reg': [1, 3, 5], 'actual_estimator__CatBoost Regressor_subsample': [0.8, 1.0]}
2026-02-09 17:27:51,903:INFO:Tuning with n_jobs=-1
2026-02-09 17:27:51,903:INFO:Initializing RandomizedSearchCV
2026-02-09 17:28:06,669:INFO:Initializing tune_model()
2026-02-09 17:28:06,669:INFO:tune_model(self=<pycaret.regression.oop.RegressionExperiment object at 0x000001EBABA53D50>, estimator=VotingRegressor(estimators=[('Bayesian Ridge', BayesianRidge()),
                            ('Ridge Regression', Ridge(random_state=52)),
                            ('Linear Regression', LinearRegression(n_jobs=-1)),
                            ('Least Angle Regression', Lars(random_state=52)),
                            ('Huber Regressor', HuberRegressor())],
                n_jobs=-1), fold=5, round=4, n_iter=30, custom_grid={'Ridge Regression_alpha': [0.01, 0.1, 1, 10, 100], 'Light Gradient Boosting Machine_n_estimators': [200, 500], 'Light Gradient Boosting Machine_learning_rate': [0.05, 0.1], 'Light Gradient Boosting Machine_num_leaves': [31, 63], 'Light Gradient Boosting Machine_max_depth': [-1, 5], 'Light Gradient Boosting Machine_min_child_samples': [20, 50], 'Light Gradient Boosting Machine_subsample': [0.8, 1.0], 'Light Gradient Boosting Machine_reg_alpha': [0, 0.1, 1], 'Light Gradient Boosting Machine_reg_lambda': [0, 1, 5], 'Support Vector Regression_kernel': ['rbf'], 'Support Vector Regression_C': [0.1, 1, 10, 100], 'Support Vector Regression_epsilon': [0.01, 0.05, 0.1, 0.2], 'Support Vector Regression_gamma': ['scale', 'auto', 0.01, 0.1, 1], 'CatBoost Regressor_iterations': [300, 500], 'CatBoost Regressor_learning_rate': [0.01, 0.03, 0.1], 'CatBoost Regressor_depth': [4, 6, 8], 'CatBoost Regressor_l2_leaf_reg': [1, 3, 5], 'CatBoost Regressor_subsample': [0.8, 1.0]}, optimize=RMSE, custom_scorer=None, search_library=scikit-learn, search_algorithm=grid, early_stopping=True, early_stopping_max_iters=10, choose_better=True, fit_kwargs=None, groups=None, return_tuner=False, verbose=False, tuner_verbose=True, return_train_score=False, kwargs={})
2026-02-09 17:28:06,669:INFO:Checking exceptions
2026-02-09 17:28:06,675:INFO:Copying training dataset
2026-02-09 17:28:06,677:INFO:Checking base model
2026-02-09 17:28:06,677:INFO:Base model : Voting Regressor
2026-02-09 17:28:06,677:INFO:Model has a special tunable class, using that
2026-02-09 17:28:06,678:INFO:Declaring metric variables
2026-02-09 17:28:06,678:INFO:Defining Hyperparameters
2026-02-09 17:28:11,969:INFO:custom_grid: {'actual_estimator__Ridge Regression_alpha': [0.01, 0.1, 1, 10, 100], 'actual_estimator__Light Gradient Boosting Machine_n_estimators': [200, 500], 'actual_estimator__Light Gradient Boosting Machine_learning_rate': [0.05, 0.1], 'actual_estimator__Light Gradient Boosting Machine_num_leaves': [31, 63], 'actual_estimator__Light Gradient Boosting Machine_max_depth': [-1, 5], 'actual_estimator__Light Gradient Boosting Machine_min_child_samples': [20, 50], 'actual_estimator__Light Gradient Boosting Machine_subsample': [0.8, 1.0], 'actual_estimator__Light Gradient Boosting Machine_reg_alpha': [0, 0.1, 1], 'actual_estimator__Light Gradient Boosting Machine_reg_lambda': [0, 1, 5], 'actual_estimator__Support Vector Regression_kernel': ['rbf'], 'actual_estimator__Support Vector Regression_C': [0.1, 1, 10, 100], 'actual_estimator__Support Vector Regression_epsilon': [0.01, 0.05, 0.1, 0.2], 'actual_estimator__Support Vector Regression_gamma': ['scale', 'auto', 0.01, 0.1, 1], 'actual_estimator__CatBoost Regressor_iterations': [300, 500], 'actual_estimator__CatBoost Regressor_learning_rate': [0.01, 0.03, 0.1], 'actual_estimator__CatBoost Regressor_depth': [4, 6, 8], 'actual_estimator__CatBoost Regressor_l2_leaf_reg': [1, 3, 5], 'actual_estimator__CatBoost Regressor_subsample': [0.8, 1.0]}
2026-02-09 17:28:11,969:INFO:Tuning with n_jobs=-1
2026-02-09 17:28:11,970:INFO:Initializing GridSearchCV
2026-02-09 17:41:22,943:INFO:PyCaret RegressionExperiment
2026-02-09 17:41:22,943:INFO:Logging name: reg-default-name
2026-02-09 17:41:22,943:INFO:ML Usecase: MLUsecase.REGRESSION
2026-02-09 17:41:22,943:INFO:version 3.3.2
2026-02-09 17:41:22,943:INFO:Initializing setup()
2026-02-09 17:41:22,943:INFO:self.USI: 8291
2026-02-09 17:41:22,943:INFO:self._variable_keys: {'USI', 'fold_groups_param', 'y_train', 'idx', 'log_plots_param', '_available_plots', 'exp_name_log', 'n_jobs_param', 'y_test', 'pipeline', 'fold_generator', 'X', 'gpu_n_jobs_param', 'html_param', 'logging_param', 'seed', 'X_test', 'fold_shuffle_param', 'X_train', 'target_param', 'memory', 'exp_id', 'y', 'data', 'transform_target_param', 'gpu_param', '_ml_usecase'}
2026-02-09 17:41:22,943:INFO:Checking environment
2026-02-09 17:41:22,943:INFO:python_version: 3.11.9
2026-02-09 17:41:22,943:INFO:python_build: ('tags/v3.11.9:de54cf5', 'Apr  2 2024 10:12:12')
2026-02-09 17:41:22,944:INFO:machine: AMD64
2026-02-09 17:41:22,944:INFO:platform: Windows-10-10.0.26200-SP0
2026-02-09 17:41:22,944:INFO:Memory: svmem(total=16881364992, available=2641850368, percent=84.4, used=14239514624, free=2641850368)
2026-02-09 17:41:22,944:INFO:Physical Core: 6
2026-02-09 17:41:22,945:INFO:Logical Core: 12
2026-02-09 17:41:22,945:INFO:Checking libraries
2026-02-09 17:41:22,945:INFO:System:
2026-02-09 17:41:22,945:INFO:    python: 3.11.9 (tags/v3.11.9:de54cf5, Apr  2 2024, 10:12:12) [MSC v.1938 64 bit (AMD64)]
2026-02-09 17:41:22,945:INFO:executable: c:\Users\itwill\AppData\Local\Programs\Python\Python311\python.exe
2026-02-09 17:41:22,945:INFO:   machine: Windows-10-10.0.26200-SP0
2026-02-09 17:41:22,945:INFO:PyCaret required dependencies:
2026-02-09 17:41:22,945:INFO:                 pip: 24.0
2026-02-09 17:41:22,945:INFO:          setuptools: 65.5.0
2026-02-09 17:41:22,945:INFO:             pycaret: 3.3.2
2026-02-09 17:41:22,945:INFO:             IPython: 9.10.0
2026-02-09 17:41:22,945:INFO:          ipywidgets: 8.1.8
2026-02-09 17:41:22,945:INFO:                tqdm: 4.67.3
2026-02-09 17:41:22,945:INFO:               numpy: 1.26.4
2026-02-09 17:41:22,945:INFO:              pandas: 2.1.4
2026-02-09 17:41:22,945:INFO:              jinja2: 3.1.6
2026-02-09 17:41:22,945:INFO:               scipy: 1.11.4
2026-02-09 17:41:22,945:INFO:              joblib: 1.3.2
2026-02-09 17:41:22,945:INFO:             sklearn: 1.4.2
2026-02-09 17:41:22,945:INFO:                pyod: 2.0.6
2026-02-09 17:41:22,945:INFO:            imblearn: 0.13.0
2026-02-09 17:41:22,945:INFO:   category_encoders: 2.7.0
2026-02-09 17:41:22,945:INFO:            lightgbm: 4.6.0
2026-02-09 17:41:22,945:INFO:               numba: 0.63.1
2026-02-09 17:41:22,945:INFO:            requests: 2.32.5
2026-02-09 17:41:22,945:INFO:          matplotlib: 3.7.5
2026-02-09 17:41:22,945:INFO:          scikitplot: 0.3.7
2026-02-09 17:41:22,945:INFO:         yellowbrick: 1.5
2026-02-09 17:41:22,945:INFO:              plotly: 6.5.2
2026-02-09 17:41:22,945:INFO:    plotly-resampler: Not installed
2026-02-09 17:41:22,945:INFO:             kaleido: 1.2.0
2026-02-09 17:41:22,945:INFO:           schemdraw: 0.15
2026-02-09 17:41:22,945:INFO:         statsmodels: 0.14.6
2026-02-09 17:41:22,945:INFO:              sktime: 0.26.0
2026-02-09 17:41:22,945:INFO:               tbats: 1.1.3
2026-02-09 17:41:22,945:INFO:            pmdarima: 2.0.4
2026-02-09 17:41:22,945:INFO:              psutil: 7.2.2
2026-02-09 17:41:22,945:INFO:          markupsafe: 3.0.3
2026-02-09 17:41:22,945:INFO:             pickle5: Not installed
2026-02-09 17:41:22,945:INFO:         cloudpickle: 3.1.2
2026-02-09 17:41:22,945:INFO:         deprecation: 2.1.0
2026-02-09 17:41:22,947:INFO:              xxhash: 3.6.0
2026-02-09 17:41:22,947:INFO:           wurlitzer: Not installed
2026-02-09 17:41:22,947:INFO:PyCaret optional dependencies:
2026-02-09 17:41:22,947:INFO:                shap: 0.49.1
2026-02-09 17:41:22,947:INFO:           interpret: Not installed
2026-02-09 17:41:22,947:INFO:                umap: Not installed
2026-02-09 17:41:22,947:INFO:     ydata_profiling: Not installed
2026-02-09 17:41:22,947:INFO:  explainerdashboard: Not installed
2026-02-09 17:41:22,947:INFO:             autoviz: Not installed
2026-02-09 17:41:22,947:INFO:           fairlearn: Not installed
2026-02-09 17:41:22,947:INFO:          deepchecks: Not installed
2026-02-09 17:41:22,947:INFO:             xgboost: 2.1.4
2026-02-09 17:41:22,947:INFO:            catboost: 1.2.8
2026-02-09 17:41:22,947:INFO:              kmodes: 0.12.2
2026-02-09 17:41:22,947:INFO:             mlxtend: Not installed
2026-02-09 17:41:22,947:INFO:       statsforecast: Not installed
2026-02-09 17:41:22,947:INFO:        tune_sklearn: Not installed
2026-02-09 17:41:22,947:INFO:                 ray: Not installed
2026-02-09 17:41:22,947:INFO:            hyperopt: Not installed
2026-02-09 17:41:22,947:INFO:              optuna: Not installed
2026-02-09 17:41:22,947:INFO:               skopt: Not installed
2026-02-09 17:41:22,947:INFO:              mlflow: Not installed
2026-02-09 17:41:22,947:INFO:              gradio: Not installed
2026-02-09 17:41:22,947:INFO:             fastapi: Not installed
2026-02-09 17:41:22,947:INFO:             uvicorn: Not installed
2026-02-09 17:41:22,947:INFO:              m2cgen: Not installed
2026-02-09 17:41:22,947:INFO:           evidently: Not installed
2026-02-09 17:41:22,947:INFO:               fugue: Not installed
2026-02-09 17:41:22,947:INFO:           streamlit: Not installed
2026-02-09 17:41:22,947:INFO:             prophet: 1.3.0
2026-02-09 17:41:22,947:INFO:None
2026-02-09 17:41:22,948:INFO:Set up data.
2026-02-09 17:41:22,955:INFO:Set up folding strategy.
2026-02-09 17:41:22,955:INFO:Set up train/test split.
2026-02-09 17:41:22,960:INFO:Set up index.
2026-02-09 17:41:22,960:INFO:Assigning column types.
2026-02-09 17:41:22,960:INFO:Engine successfully changes for model 'lr' to 'sklearn'.
2026-02-09 17:41:22,960:INFO:Engine for model 'lasso' has not been set explicitly, hence returning None.
2026-02-09 17:41:22,967:INFO:Engine for model 'ridge' has not been set explicitly, hence returning None.
2026-02-09 17:41:22,970:INFO:Engine for model 'en' has not been set explicitly, hence returning None.
2026-02-09 17:41:23,007:INFO:Engine for model 'svm' has not been set explicitly, hence returning None.
2026-02-09 17:41:23,034:INFO:Engine for model 'knn' has not been set explicitly, hence returning None.
2026-02-09 17:41:23,035:INFO:Soft dependency imported: xgboost: 2.1.4
2026-02-09 17:41:23,036:INFO:Soft dependency imported: catboost: 1.2.8
2026-02-09 17:41:23,036:INFO:Engine for model 'lasso' has not been set explicitly, hence returning None.
2026-02-09 17:41:23,050:INFO:Engine for model 'ridge' has not been set explicitly, hence returning None.
2026-02-09 17:41:23,054:INFO:Engine for model 'en' has not been set explicitly, hence returning None.
2026-02-09 17:41:23,082:INFO:Engine for model 'svm' has not been set explicitly, hence returning None.
2026-02-09 17:41:23,115:INFO:Engine for model 'knn' has not been set explicitly, hence returning None.
2026-02-09 17:41:23,115:INFO:Soft dependency imported: xgboost: 2.1.4
2026-02-09 17:41:23,115:INFO:Soft dependency imported: catboost: 1.2.8
2026-02-09 17:41:23,115:INFO:Engine successfully changes for model 'lasso' to 'sklearn'.
2026-02-09 17:41:23,115:INFO:Engine for model 'ridge' has not been set explicitly, hence returning None.
2026-02-09 17:41:23,115:INFO:Engine for model 'en' has not been set explicitly, hence returning None.
2026-02-09 17:41:23,157:INFO:Engine for model 'svm' has not been set explicitly, hence returning None.
2026-02-09 17:41:23,180:INFO:Engine for model 'knn' has not been set explicitly, hence returning None.
2026-02-09 17:41:23,181:INFO:Soft dependency imported: xgboost: 2.1.4
2026-02-09 17:41:23,182:INFO:Soft dependency imported: catboost: 1.2.8
2026-02-09 17:41:23,183:INFO:Engine for model 'ridge' has not been set explicitly, hence returning None.
2026-02-09 17:41:23,183:INFO:Engine for model 'en' has not been set explicitly, hence returning None.
2026-02-09 17:41:23,218:INFO:Engine for model 'svm' has not been set explicitly, hence returning None.
2026-02-09 17:41:23,241:INFO:Engine for model 'knn' has not been set explicitly, hence returning None.
2026-02-09 17:41:23,241:INFO:Soft dependency imported: xgboost: 2.1.4
2026-02-09 17:41:23,242:INFO:Soft dependency imported: catboost: 1.2.8
2026-02-09 17:41:23,243:INFO:Engine successfully changes for model 'ridge' to 'sklearn'.
2026-02-09 17:41:23,247:INFO:Engine for model 'en' has not been set explicitly, hence returning None.
2026-02-09 17:41:23,280:INFO:Engine for model 'svm' has not been set explicitly, hence returning None.
2026-02-09 17:41:23,306:INFO:Engine for model 'knn' has not been set explicitly, hence returning None.
2026-02-09 17:41:23,307:INFO:Soft dependency imported: xgboost: 2.1.4
2026-02-09 17:41:23,308:INFO:Soft dependency imported: catboost: 1.2.8
2026-02-09 17:41:23,313:INFO:Engine for model 'en' has not been set explicitly, hence returning None.
2026-02-09 17:41:23,337:INFO:Engine for model 'svm' has not been set explicitly, hence returning None.
2026-02-09 17:41:23,367:INFO:Engine for model 'knn' has not been set explicitly, hence returning None.
2026-02-09 17:41:23,367:INFO:Soft dependency imported: xgboost: 2.1.4
2026-02-09 17:41:23,368:INFO:Soft dependency imported: catboost: 1.2.8
2026-02-09 17:41:23,369:INFO:Engine successfully changes for model 'en' to 'sklearn'.
2026-02-09 17:41:23,403:INFO:Engine for model 'svm' has not been set explicitly, hence returning None.
2026-02-09 17:41:23,427:INFO:Engine for model 'knn' has not been set explicitly, hence returning None.
2026-02-09 17:41:23,427:INFO:Soft dependency imported: xgboost: 2.1.4
2026-02-09 17:41:23,429:INFO:Soft dependency imported: catboost: 1.2.8
2026-02-09 17:41:23,463:INFO:Engine for model 'svm' has not been set explicitly, hence returning None.
2026-02-09 17:41:23,490:INFO:Engine for model 'knn' has not been set explicitly, hence returning None.
2026-02-09 17:41:23,491:INFO:Soft dependency imported: xgboost: 2.1.4
2026-02-09 17:41:23,491:INFO:Soft dependency imported: catboost: 1.2.8
2026-02-09 17:41:23,491:INFO:Engine successfully changes for model 'knn' to 'sklearn'.
2026-02-09 17:41:23,526:INFO:Engine for model 'svm' has not been set explicitly, hence returning None.
2026-02-09 17:41:23,549:INFO:Soft dependency imported: xgboost: 2.1.4
2026-02-09 17:41:23,551:INFO:Soft dependency imported: catboost: 1.2.8
2026-02-09 17:41:23,582:INFO:Engine for model 'svm' has not been set explicitly, hence returning None.
2026-02-09 17:41:23,599:INFO:Soft dependency imported: xgboost: 2.1.4
2026-02-09 17:41:23,599:INFO:Soft dependency imported: catboost: 1.2.8
2026-02-09 17:41:23,599:INFO:Engine successfully changes for model 'svm' to 'sklearn'.
2026-02-09 17:41:23,668:INFO:Soft dependency imported: xgboost: 2.1.4
2026-02-09 17:41:23,670:INFO:Soft dependency imported: catboost: 1.2.8
2026-02-09 17:41:23,728:INFO:Soft dependency imported: xgboost: 2.1.4
2026-02-09 17:41:23,729:INFO:Soft dependency imported: catboost: 1.2.8
2026-02-09 17:41:23,729:INFO:Preparing preprocessing pipeline...
2026-02-09 17:41:23,729:INFO:Set up simple imputation.
2026-02-09 17:41:23,732:INFO:Set up encoding of ordinal features.
2026-02-09 17:41:23,732:INFO:Set up encoding of categorical features.
2026-02-09 17:41:23,732:INFO:Set up feature normalization.
2026-02-09 17:41:23,766:INFO:Finished creating preprocessing pipeline.
2026-02-09 17:41:23,784:INFO:Pipeline: Pipeline(memory=FastMemory(location=C:\Users\itwill\AppData\Local\Temp\joblib),
         steps=[('numerical_imputer',
                 TransformerWrapper(include=['visitors', 'avg_price',
                                             'marketing_cost', 'delivery_ratio',
                                             'rain_mm', 'temperature'],
                                    transformer=SimpleImputer())),
                ('categorical_imputer',
                 TransformerWrapper(include=['weekend', 'holiday'],
                                    transformer=SimpleImputer(strat...
                 TransformerWrapper(include=['weekend', 'holiday'],
                                    transformer=OrdinalEncoder(cols=['weekend',
                                                                     'holiday'],
                                                               handle_missing='return_nan',
                                                               mapping=[{'col': 'weekend',
                                                                         'data_type': dtype('float64'),
                                                                         'mapping': 0.000    0
1.000    1
NaN     -1
dtype: int64},
                                                                        {'col': 'holiday',
                                                                         'data_type': dtype('float64'),
                                                                         'mapping': 0.000    0
1.000    1
NaN     -1
dtype: int64}]))),
                ('normalize',
                 TransformerWrapper(transformer=StandardScaler()))])
2026-02-09 17:41:23,785:INFO:Creating final display dataframe.
2026-02-09 17:41:23,867:INFO:Setup _display_container:                     Description             Value
0                    Session id                52
1                        Target             sales
2                   Target type        Regression
3           Original data shape          (353, 9)
4        Transformed data shape          (353, 9)
5   Transformed train set shape          (264, 9)
6    Transformed test set shape           (89, 9)
7              Numeric features                 6
8          Categorical features                 2
9                    Preprocess              True
10              Imputation type            simple
11           Numeric imputation              mean
12       Categorical imputation              mode
13     Maximum one-hot encoding                25
14              Encoding method              None
15                    Normalize              True
16             Normalize method            zscore
17               Fold Generator             KFold
18                  Fold Number                 5
19                     CPU Jobs                -1
20                      Use GPU             False
21               Log Experiment             False
22              Experiment Name  reg-default-name
23                          USI              8291
2026-02-09 17:41:23,928:INFO:Soft dependency imported: xgboost: 2.1.4
2026-02-09 17:41:23,929:INFO:Soft dependency imported: catboost: 1.2.8
2026-02-09 17:41:23,982:INFO:Soft dependency imported: xgboost: 2.1.4
2026-02-09 17:41:23,982:INFO:Soft dependency imported: catboost: 1.2.8
2026-02-09 17:41:23,982:INFO:setup() successfully completed in 1.05s...............
2026-02-09 17:42:45,826:INFO:PyCaret RegressionExperiment
2026-02-09 17:42:45,826:INFO:Logging name: reg-default-name
2026-02-09 17:42:45,826:INFO:ML Usecase: MLUsecase.REGRESSION
2026-02-09 17:42:45,826:INFO:version 3.3.2
2026-02-09 17:42:45,826:INFO:Initializing setup()
2026-02-09 17:42:45,826:INFO:self.USI: 56e5
2026-02-09 17:42:45,826:INFO:self._variable_keys: {'USI', 'fold_groups_param', 'y_train', 'idx', 'log_plots_param', '_available_plots', 'exp_name_log', 'n_jobs_param', 'y_test', 'pipeline', 'fold_generator', 'X', 'gpu_n_jobs_param', 'html_param', 'logging_param', 'seed', 'X_test', 'fold_shuffle_param', 'X_train', 'target_param', 'memory', 'exp_id', 'y', 'data', 'transform_target_param', 'gpu_param', '_ml_usecase'}
2026-02-09 17:42:45,826:INFO:Checking environment
2026-02-09 17:42:45,826:INFO:python_version: 3.11.9
2026-02-09 17:42:45,826:INFO:python_build: ('tags/v3.11.9:de54cf5', 'Apr  2 2024 10:12:12')
2026-02-09 17:42:45,826:INFO:machine: AMD64
2026-02-09 17:42:45,826:INFO:platform: Windows-10-10.0.26200-SP0
2026-02-09 17:42:45,827:INFO:Memory: svmem(total=16881364992, available=2264039424, percent=86.6, used=14617325568, free=2264039424)
2026-02-09 17:42:45,827:INFO:Physical Core: 6
2026-02-09 17:42:45,827:INFO:Logical Core: 12
2026-02-09 17:42:45,827:INFO:Checking libraries
2026-02-09 17:42:45,827:INFO:System:
2026-02-09 17:42:45,827:INFO:    python: 3.11.9 (tags/v3.11.9:de54cf5, Apr  2 2024, 10:12:12) [MSC v.1938 64 bit (AMD64)]
2026-02-09 17:42:45,827:INFO:executable: c:\Users\itwill\AppData\Local\Programs\Python\Python311\python.exe
2026-02-09 17:42:45,827:INFO:   machine: Windows-10-10.0.26200-SP0
2026-02-09 17:42:45,827:INFO:PyCaret required dependencies:
2026-02-09 17:42:45,827:INFO:                 pip: 24.0
2026-02-09 17:42:45,827:INFO:          setuptools: 65.5.0
2026-02-09 17:42:45,827:INFO:             pycaret: 3.3.2
2026-02-09 17:42:45,827:INFO:             IPython: 9.10.0
2026-02-09 17:42:45,827:INFO:          ipywidgets: 8.1.8
2026-02-09 17:42:45,827:INFO:                tqdm: 4.67.3
2026-02-09 17:42:45,827:INFO:               numpy: 1.26.4
2026-02-09 17:42:45,827:INFO:              pandas: 2.1.4
2026-02-09 17:42:45,827:INFO:              jinja2: 3.1.6
2026-02-09 17:42:45,827:INFO:               scipy: 1.11.4
2026-02-09 17:42:45,827:INFO:              joblib: 1.3.2
2026-02-09 17:42:45,827:INFO:             sklearn: 1.4.2
2026-02-09 17:42:45,827:INFO:                pyod: 2.0.6
2026-02-09 17:42:45,827:INFO:            imblearn: 0.13.0
2026-02-09 17:42:45,828:INFO:   category_encoders: 2.7.0
2026-02-09 17:42:45,828:INFO:            lightgbm: 4.6.0
2026-02-09 17:42:45,828:INFO:               numba: 0.63.1
2026-02-09 17:42:45,828:INFO:            requests: 2.32.5
2026-02-09 17:42:45,828:INFO:          matplotlib: 3.7.5
2026-02-09 17:42:45,828:INFO:          scikitplot: 0.3.7
2026-02-09 17:42:45,828:INFO:         yellowbrick: 1.5
2026-02-09 17:42:45,828:INFO:              plotly: 6.5.2
2026-02-09 17:42:45,828:INFO:    plotly-resampler: Not installed
2026-02-09 17:42:45,828:INFO:             kaleido: 1.2.0
2026-02-09 17:42:45,828:INFO:           schemdraw: 0.15
2026-02-09 17:42:45,828:INFO:         statsmodels: 0.14.6
2026-02-09 17:42:45,828:INFO:              sktime: 0.26.0
2026-02-09 17:42:45,828:INFO:               tbats: 1.1.3
2026-02-09 17:42:45,828:INFO:            pmdarima: 2.0.4
2026-02-09 17:42:45,828:INFO:              psutil: 7.2.2
2026-02-09 17:42:45,828:INFO:          markupsafe: 3.0.3
2026-02-09 17:42:45,828:INFO:             pickle5: Not installed
2026-02-09 17:42:45,828:INFO:         cloudpickle: 3.1.2
2026-02-09 17:42:45,828:INFO:         deprecation: 2.1.0
2026-02-09 17:42:45,828:INFO:              xxhash: 3.6.0
2026-02-09 17:42:45,828:INFO:           wurlitzer: Not installed
2026-02-09 17:42:45,828:INFO:PyCaret optional dependencies:
2026-02-09 17:42:45,828:INFO:                shap: 0.49.1
2026-02-09 17:42:45,828:INFO:           interpret: Not installed
2026-02-09 17:42:45,828:INFO:                umap: Not installed
2026-02-09 17:42:45,828:INFO:     ydata_profiling: Not installed
2026-02-09 17:42:45,828:INFO:  explainerdashboard: Not installed
2026-02-09 17:42:45,828:INFO:             autoviz: Not installed
2026-02-09 17:42:45,828:INFO:           fairlearn: Not installed
2026-02-09 17:42:45,828:INFO:          deepchecks: Not installed
2026-02-09 17:42:45,828:INFO:             xgboost: 2.1.4
2026-02-09 17:42:45,828:INFO:            catboost: 1.2.8
2026-02-09 17:42:45,828:INFO:              kmodes: 0.12.2
2026-02-09 17:42:45,829:INFO:             mlxtend: Not installed
2026-02-09 17:42:45,829:INFO:       statsforecast: Not installed
2026-02-09 17:42:45,829:INFO:        tune_sklearn: Not installed
2026-02-09 17:42:45,829:INFO:                 ray: Not installed
2026-02-09 17:42:45,829:INFO:            hyperopt: Not installed
2026-02-09 17:42:45,829:INFO:              optuna: Not installed
2026-02-09 17:42:45,829:INFO:               skopt: Not installed
2026-02-09 17:42:45,829:INFO:              mlflow: Not installed
2026-02-09 17:42:45,829:INFO:              gradio: Not installed
2026-02-09 17:42:45,829:INFO:             fastapi: Not installed
2026-02-09 17:42:45,829:INFO:             uvicorn: Not installed
2026-02-09 17:42:45,829:INFO:              m2cgen: Not installed
2026-02-09 17:42:45,829:INFO:           evidently: Not installed
2026-02-09 17:42:45,829:INFO:               fugue: Not installed
2026-02-09 17:42:45,829:INFO:           streamlit: Not installed
2026-02-09 17:42:45,829:INFO:             prophet: 1.3.0
2026-02-09 17:42:45,829:INFO:None
2026-02-09 17:42:45,829:INFO:Set up data.
2026-02-09 17:42:45,832:INFO:Set up folding strategy.
2026-02-09 17:42:45,832:INFO:Set up train/test split.
2026-02-09 17:42:45,834:INFO:Set up index.
2026-02-09 17:42:45,834:INFO:Assigning column types.
2026-02-09 17:42:45,837:INFO:Engine successfully changes for model 'lr' to 'sklearn'.
2026-02-09 17:42:45,837:INFO:Engine for model 'lasso' has not been set explicitly, hence returning None.
2026-02-09 17:42:45,840:INFO:Engine for model 'ridge' has not been set explicitly, hence returning None.
2026-02-09 17:42:45,843:INFO:Engine for model 'en' has not been set explicitly, hence returning None.
2026-02-09 17:42:45,894:INFO:Engine for model 'svm' has not been set explicitly, hence returning None.
2026-02-09 17:42:45,928:INFO:Engine for model 'knn' has not been set explicitly, hence returning None.
2026-02-09 17:42:45,930:INFO:Soft dependency imported: xgboost: 2.1.4
2026-02-09 17:42:45,935:INFO:Soft dependency imported: catboost: 1.2.8
2026-02-09 17:42:45,936:INFO:Engine for model 'lasso' has not been set explicitly, hence returning None.
2026-02-09 17:42:45,941:INFO:Engine for model 'ridge' has not been set explicitly, hence returning None.
2026-02-09 17:42:45,945:INFO:Engine for model 'en' has not been set explicitly, hence returning None.
2026-02-09 17:42:45,979:INFO:Engine for model 'svm' has not been set explicitly, hence returning None.
2026-02-09 17:42:45,999:INFO:Engine for model 'knn' has not been set explicitly, hence returning None.
2026-02-09 17:42:45,999:INFO:Soft dependency imported: xgboost: 2.1.4
2026-02-09 17:42:46,006:INFO:Soft dependency imported: catboost: 1.2.8
2026-02-09 17:42:46,006:INFO:Engine successfully changes for model 'lasso' to 'sklearn'.
2026-02-09 17:42:46,010:INFO:Engine for model 'ridge' has not been set explicitly, hence returning None.
2026-02-09 17:42:46,014:INFO:Engine for model 'en' has not been set explicitly, hence returning None.
2026-02-09 17:42:46,054:INFO:Engine for model 'svm' has not been set explicitly, hence returning None.
2026-02-09 17:42:46,080:INFO:Engine for model 'knn' has not been set explicitly, hence returning None.
2026-02-09 17:42:46,080:INFO:Soft dependency imported: xgboost: 2.1.4
2026-02-09 17:42:46,082:INFO:Soft dependency imported: catboost: 1.2.8
2026-02-09 17:42:46,085:INFO:Engine for model 'ridge' has not been set explicitly, hence returning None.
2026-02-09 17:42:46,087:INFO:Engine for model 'en' has not been set explicitly, hence returning None.
2026-02-09 17:42:46,117:INFO:Engine for model 'svm' has not been set explicitly, hence returning None.
2026-02-09 17:42:46,144:INFO:Engine for model 'knn' has not been set explicitly, hence returning None.
2026-02-09 17:42:46,146:INFO:Soft dependency imported: xgboost: 2.1.4
2026-02-09 17:42:46,147:INFO:Soft dependency imported: catboost: 1.2.8
2026-02-09 17:42:46,147:INFO:Engine successfully changes for model 'ridge' to 'sklearn'.
2026-02-09 17:42:46,149:INFO:Engine for model 'en' has not been set explicitly, hence returning None.
2026-02-09 17:42:46,185:INFO:Engine for model 'svm' has not been set explicitly, hence returning None.
2026-02-09 17:42:46,208:INFO:Engine for model 'knn' has not been set explicitly, hence returning None.
2026-02-09 17:42:46,208:INFO:Soft dependency imported: xgboost: 2.1.4
2026-02-09 17:42:46,209:INFO:Soft dependency imported: catboost: 1.2.8
2026-02-09 17:42:46,209:INFO:Engine for model 'en' has not been set explicitly, hence returning None.
2026-02-09 17:42:46,245:INFO:Engine for model 'svm' has not been set explicitly, hence returning None.
2026-02-09 17:42:46,269:INFO:Engine for model 'knn' has not been set explicitly, hence returning None.
2026-02-09 17:42:46,270:INFO:Soft dependency imported: xgboost: 2.1.4
2026-02-09 17:42:46,271:INFO:Soft dependency imported: catboost: 1.2.8
2026-02-09 17:42:46,272:INFO:Engine successfully changes for model 'en' to 'sklearn'.
2026-02-09 17:42:46,307:INFO:Engine for model 'svm' has not been set explicitly, hence returning None.
2026-02-09 17:42:46,330:INFO:Engine for model 'knn' has not been set explicitly, hence returning None.
2026-02-09 17:42:46,330:INFO:Soft dependency imported: xgboost: 2.1.4
2026-02-09 17:42:46,332:INFO:Soft dependency imported: catboost: 1.2.8
2026-02-09 17:42:46,366:INFO:Engine for model 'svm' has not been set explicitly, hence returning None.
2026-02-09 17:42:46,385:INFO:Engine for model 'knn' has not been set explicitly, hence returning None.
2026-02-09 17:42:46,385:INFO:Soft dependency imported: xgboost: 2.1.4
2026-02-09 17:42:46,385:INFO:Soft dependency imported: catboost: 1.2.8
2026-02-09 17:42:46,385:INFO:Engine successfully changes for model 'knn' to 'sklearn'.
2026-02-09 17:42:46,426:INFO:Engine for model 'svm' has not been set explicitly, hence returning None.
2026-02-09 17:42:46,449:INFO:Soft dependency imported: xgboost: 2.1.4
2026-02-09 17:42:46,449:INFO:Soft dependency imported: catboost: 1.2.8
2026-02-09 17:42:46,486:INFO:Engine for model 'svm' has not been set explicitly, hence returning None.
2026-02-09 17:42:46,499:INFO:Soft dependency imported: xgboost: 2.1.4
2026-02-09 17:42:46,499:INFO:Soft dependency imported: catboost: 1.2.8
2026-02-09 17:42:46,499:INFO:Engine successfully changes for model 'svm' to 'sklearn'.
2026-02-09 17:42:46,566:INFO:Soft dependency imported: xgboost: 2.1.4
2026-02-09 17:42:46,566:INFO:Soft dependency imported: catboost: 1.2.8
2026-02-09 17:42:46,630:INFO:Soft dependency imported: xgboost: 2.1.4
2026-02-09 17:42:46,632:INFO:Soft dependency imported: catboost: 1.2.8
2026-02-09 17:42:46,633:INFO:Preparing preprocessing pipeline...
2026-02-09 17:42:46,633:INFO:Set up simple imputation.
2026-02-09 17:42:46,634:INFO:Set up encoding of ordinal features.
2026-02-09 17:42:46,634:INFO:Set up encoding of categorical features.
2026-02-09 17:42:46,634:INFO:Set up feature normalization.
2026-02-09 17:42:46,658:INFO:Finished creating preprocessing pipeline.
2026-02-09 17:42:46,679:INFO:Pipeline: Pipeline(memory=FastMemory(location=C:\Users\itwill\AppData\Local\Temp\joblib),
         steps=[('numerical_imputer',
                 TransformerWrapper(include=['visitors', 'avg_price',
                                             'marketing_cost', 'delivery_ratio',
                                             'rain_mm', 'temperature'],
                                    transformer=SimpleImputer())),
                ('categorical_imputer',
                 TransformerWrapper(include=['weekend', 'holiday'],
                                    transformer=SimpleImputer(strat...
                 TransformerWrapper(include=['weekend', 'holiday'],
                                    transformer=OrdinalEncoder(cols=['weekend',
                                                                     'holiday'],
                                                               handle_missing='return_nan',
                                                               mapping=[{'col': 'weekend',
                                                                         'data_type': dtype('float64'),
                                                                         'mapping': 0.000    0
1.000    1
NaN     -1
dtype: int64},
                                                                        {'col': 'holiday',
                                                                         'data_type': dtype('float64'),
                                                                         'mapping': 0.000    0
1.000    1
NaN     -1
dtype: int64}]))),
                ('normalize',
                 TransformerWrapper(transformer=StandardScaler()))])
2026-02-09 17:42:46,679:INFO:Creating final display dataframe.
2026-02-09 17:42:46,771:INFO:Setup _display_container:                     Description             Value
0                    Session id                52
1                        Target             sales
2                   Target type        Regression
3           Original data shape          (353, 9)
4        Transformed data shape          (353, 9)
5   Transformed train set shape          (264, 9)
6    Transformed test set shape           (89, 9)
7              Numeric features                 6
8          Categorical features                 2
9                    Preprocess              True
10              Imputation type            simple
11           Numeric imputation              mean
12       Categorical imputation              mode
13     Maximum one-hot encoding                25
14              Encoding method              None
15                    Normalize              True
16             Normalize method            zscore
17               Fold Generator             KFold
18                  Fold Number                 5
19                     CPU Jobs                -1
20                      Use GPU             False
21               Log Experiment             False
22              Experiment Name  reg-default-name
23                          USI              56e5
2026-02-09 17:42:46,831:INFO:Soft dependency imported: xgboost: 2.1.4
2026-02-09 17:42:46,833:INFO:Soft dependency imported: catboost: 1.2.8
2026-02-09 17:42:46,883:INFO:Soft dependency imported: xgboost: 2.1.4
2026-02-09 17:42:46,883:INFO:Soft dependency imported: catboost: 1.2.8
2026-02-09 17:42:46,883:INFO:setup() successfully completed in 1.06s...............
2026-02-09 17:42:49,085:INFO:PyCaret RegressionExperiment
2026-02-09 17:42:49,086:INFO:Logging name: reg-default-name
2026-02-09 17:42:49,086:INFO:ML Usecase: MLUsecase.REGRESSION
2026-02-09 17:42:49,086:INFO:version 3.3.2
2026-02-09 17:42:49,086:INFO:Initializing setup()
2026-02-09 17:42:49,086:INFO:self.USI: 6bf7
2026-02-09 17:42:49,086:INFO:self._variable_keys: {'USI', 'fold_groups_param', 'y_train', 'idx', 'log_plots_param', '_available_plots', 'exp_name_log', 'n_jobs_param', 'y_test', 'pipeline', 'fold_generator', 'X', 'gpu_n_jobs_param', 'html_param', 'logging_param', 'seed', 'X_test', 'fold_shuffle_param', 'X_train', 'target_param', 'memory', 'exp_id', 'y', 'data', 'transform_target_param', 'gpu_param', '_ml_usecase'}
2026-02-09 17:42:49,086:INFO:Checking environment
2026-02-09 17:42:49,086:INFO:python_version: 3.11.9
2026-02-09 17:42:49,086:INFO:python_build: ('tags/v3.11.9:de54cf5', 'Apr  2 2024 10:12:12')
2026-02-09 17:42:49,086:INFO:machine: AMD64
2026-02-09 17:42:49,086:INFO:platform: Windows-10-10.0.26200-SP0
2026-02-09 17:42:49,086:INFO:Memory: svmem(total=16881364992, available=2290188288, percent=86.4, used=14591176704, free=2290188288)
2026-02-09 17:42:49,086:INFO:Physical Core: 6
2026-02-09 17:42:49,086:INFO:Logical Core: 12
2026-02-09 17:42:49,086:INFO:Checking libraries
2026-02-09 17:42:49,086:INFO:System:
2026-02-09 17:42:49,086:INFO:    python: 3.11.9 (tags/v3.11.9:de54cf5, Apr  2 2024, 10:12:12) [MSC v.1938 64 bit (AMD64)]
2026-02-09 17:42:49,086:INFO:executable: c:\Users\itwill\AppData\Local\Programs\Python\Python311\python.exe
2026-02-09 17:42:49,086:INFO:   machine: Windows-10-10.0.26200-SP0
2026-02-09 17:42:49,086:INFO:PyCaret required dependencies:
2026-02-09 17:42:49,086:INFO:                 pip: 24.0
2026-02-09 17:42:49,086:INFO:          setuptools: 65.5.0
2026-02-09 17:42:49,086:INFO:             pycaret: 3.3.2
2026-02-09 17:42:49,086:INFO:             IPython: 9.10.0
2026-02-09 17:42:49,086:INFO:          ipywidgets: 8.1.8
2026-02-09 17:42:49,086:INFO:                tqdm: 4.67.3
2026-02-09 17:42:49,086:INFO:               numpy: 1.26.4
2026-02-09 17:42:49,086:INFO:              pandas: 2.1.4
2026-02-09 17:42:49,086:INFO:              jinja2: 3.1.6
2026-02-09 17:42:49,086:INFO:               scipy: 1.11.4
2026-02-09 17:42:49,086:INFO:              joblib: 1.3.2
2026-02-09 17:42:49,086:INFO:             sklearn: 1.4.2
2026-02-09 17:42:49,086:INFO:                pyod: 2.0.6
2026-02-09 17:42:49,086:INFO:            imblearn: 0.13.0
2026-02-09 17:42:49,086:INFO:   category_encoders: 2.7.0
2026-02-09 17:42:49,086:INFO:            lightgbm: 4.6.0
2026-02-09 17:42:49,086:INFO:               numba: 0.63.1
2026-02-09 17:42:49,088:INFO:            requests: 2.32.5
2026-02-09 17:42:49,088:INFO:          matplotlib: 3.7.5
2026-02-09 17:42:49,088:INFO:          scikitplot: 0.3.7
2026-02-09 17:42:49,088:INFO:         yellowbrick: 1.5
2026-02-09 17:42:49,088:INFO:              plotly: 6.5.2
2026-02-09 17:42:49,088:INFO:    plotly-resampler: Not installed
2026-02-09 17:42:49,088:INFO:             kaleido: 1.2.0
2026-02-09 17:42:49,088:INFO:           schemdraw: 0.15
2026-02-09 17:42:49,088:INFO:         statsmodels: 0.14.6
2026-02-09 17:42:49,088:INFO:              sktime: 0.26.0
2026-02-09 17:42:49,088:INFO:               tbats: 1.1.3
2026-02-09 17:42:49,088:INFO:            pmdarima: 2.0.4
2026-02-09 17:42:49,088:INFO:              psutil: 7.2.2
2026-02-09 17:42:49,088:INFO:          markupsafe: 3.0.3
2026-02-09 17:42:49,088:INFO:             pickle5: Not installed
2026-02-09 17:42:49,088:INFO:         cloudpickle: 3.1.2
2026-02-09 17:42:49,088:INFO:         deprecation: 2.1.0
2026-02-09 17:42:49,088:INFO:              xxhash: 3.6.0
2026-02-09 17:42:49,088:INFO:           wurlitzer: Not installed
2026-02-09 17:42:49,088:INFO:PyCaret optional dependencies:
2026-02-09 17:42:49,088:INFO:                shap: 0.49.1
2026-02-09 17:42:49,088:INFO:           interpret: Not installed
2026-02-09 17:42:49,088:INFO:                umap: Not installed
2026-02-09 17:42:49,088:INFO:     ydata_profiling: Not installed
2026-02-09 17:42:49,088:INFO:  explainerdashboard: Not installed
2026-02-09 17:42:49,088:INFO:             autoviz: Not installed
2026-02-09 17:42:49,088:INFO:           fairlearn: Not installed
2026-02-09 17:42:49,088:INFO:          deepchecks: Not installed
2026-02-09 17:42:49,088:INFO:             xgboost: 2.1.4
2026-02-09 17:42:49,088:INFO:            catboost: 1.2.8
2026-02-09 17:42:49,088:INFO:              kmodes: 0.12.2
2026-02-09 17:42:49,088:INFO:             mlxtend: Not installed
2026-02-09 17:42:49,088:INFO:       statsforecast: Not installed
2026-02-09 17:42:49,088:INFO:        tune_sklearn: Not installed
2026-02-09 17:42:49,088:INFO:                 ray: Not installed
2026-02-09 17:42:49,088:INFO:            hyperopt: Not installed
2026-02-09 17:42:49,088:INFO:              optuna: Not installed
2026-02-09 17:42:49,088:INFO:               skopt: Not installed
2026-02-09 17:42:49,088:INFO:              mlflow: Not installed
2026-02-09 17:42:49,088:INFO:              gradio: Not installed
2026-02-09 17:42:49,088:INFO:             fastapi: Not installed
2026-02-09 17:42:49,088:INFO:             uvicorn: Not installed
2026-02-09 17:42:49,088:INFO:              m2cgen: Not installed
2026-02-09 17:42:49,088:INFO:           evidently: Not installed
2026-02-09 17:42:49,088:INFO:               fugue: Not installed
2026-02-09 17:42:49,088:INFO:           streamlit: Not installed
2026-02-09 17:42:49,088:INFO:             prophet: 1.3.0
2026-02-09 17:42:49,088:INFO:None
2026-02-09 17:42:49,088:INFO:Set up data.
2026-02-09 17:42:49,091:INFO:Set up folding strategy.
2026-02-09 17:42:49,091:INFO:Set up train/test split.
2026-02-09 17:42:49,094:INFO:Set up index.
2026-02-09 17:42:49,094:INFO:Assigning column types.
2026-02-09 17:42:49,096:INFO:Engine successfully changes for model 'lr' to 'sklearn'.
2026-02-09 17:42:49,096:INFO:Engine for model 'lasso' has not been set explicitly, hence returning None.
2026-02-09 17:42:49,101:INFO:Engine for model 'ridge' has not been set explicitly, hence returning None.
2026-02-09 17:42:49,105:INFO:Engine for model 'en' has not been set explicitly, hence returning None.
2026-02-09 17:42:49,149:INFO:Engine for model 'svm' has not been set explicitly, hence returning None.
2026-02-09 17:42:49,186:INFO:Engine for model 'knn' has not been set explicitly, hence returning None.
2026-02-09 17:42:49,186:INFO:Soft dependency imported: xgboost: 2.1.4
2026-02-09 17:42:49,188:INFO:Soft dependency imported: catboost: 1.2.8
2026-02-09 17:42:49,189:INFO:Engine for model 'lasso' has not been set explicitly, hence returning None.
2026-02-09 17:42:49,194:INFO:Engine for model 'ridge' has not been set explicitly, hence returning None.
2026-02-09 17:42:49,197:INFO:Engine for model 'en' has not been set explicitly, hence returning None.
2026-02-09 17:42:49,240:INFO:Engine for model 'svm' has not been set explicitly, hence returning None.
2026-02-09 17:42:49,257:INFO:Engine for model 'knn' has not been set explicitly, hence returning None.
2026-02-09 17:42:49,257:INFO:Soft dependency imported: xgboost: 2.1.4
2026-02-09 17:42:49,267:INFO:Soft dependency imported: catboost: 1.2.8
2026-02-09 17:42:49,267:INFO:Engine successfully changes for model 'lasso' to 'sklearn'.
2026-02-09 17:42:49,269:INFO:Engine for model 'ridge' has not been set explicitly, hence returning None.
2026-02-09 17:42:49,271:INFO:Engine for model 'en' has not been set explicitly, hence returning None.
2026-02-09 17:42:49,307:INFO:Engine for model 'svm' has not been set explicitly, hence returning None.
2026-02-09 17:42:49,320:INFO:Engine for model 'knn' has not been set explicitly, hence returning None.
2026-02-09 17:42:49,320:INFO:Soft dependency imported: xgboost: 2.1.4
2026-02-09 17:42:49,333:INFO:Soft dependency imported: catboost: 1.2.8
2026-02-09 17:42:49,333:INFO:Engine for model 'ridge' has not been set explicitly, hence returning None.
2026-02-09 17:42:49,337:INFO:Engine for model 'en' has not been set explicitly, hence returning None.
2026-02-09 17:42:49,370:INFO:Engine for model 'svm' has not been set explicitly, hence returning None.
2026-02-09 17:42:49,393:INFO:Engine for model 'knn' has not been set explicitly, hence returning None.
2026-02-09 17:42:49,393:INFO:Soft dependency imported: xgboost: 2.1.4
2026-02-09 17:42:49,394:INFO:Soft dependency imported: catboost: 1.2.8
2026-02-09 17:42:49,394:INFO:Engine successfully changes for model 'ridge' to 'sklearn'.
2026-02-09 17:42:49,398:INFO:Engine for model 'en' has not been set explicitly, hence returning None.
2026-02-09 17:42:49,428:INFO:Engine for model 'svm' has not been set explicitly, hence returning None.
2026-02-09 17:42:49,455:INFO:Engine for model 'knn' has not been set explicitly, hence returning None.
2026-02-09 17:42:49,455:INFO:Soft dependency imported: xgboost: 2.1.4
2026-02-09 17:42:49,457:INFO:Soft dependency imported: catboost: 1.2.8
2026-02-09 17:42:49,462:INFO:Engine for model 'en' has not been set explicitly, hence returning None.
2026-02-09 17:42:49,491:INFO:Engine for model 'svm' has not been set explicitly, hence returning None.
2026-02-09 17:42:49,515:INFO:Engine for model 'knn' has not been set explicitly, hence returning None.
2026-02-09 17:42:49,516:INFO:Soft dependency imported: xgboost: 2.1.4
2026-02-09 17:42:49,517:INFO:Soft dependency imported: catboost: 1.2.8
2026-02-09 17:42:49,518:INFO:Engine successfully changes for model 'en' to 'sklearn'.
2026-02-09 17:42:49,551:INFO:Engine for model 'svm' has not been set explicitly, hence returning None.
2026-02-09 17:42:49,576:INFO:Engine for model 'knn' has not been set explicitly, hence returning None.
2026-02-09 17:42:49,576:INFO:Soft dependency imported: xgboost: 2.1.4
2026-02-09 17:42:49,577:INFO:Soft dependency imported: catboost: 1.2.8
2026-02-09 17:42:49,605:INFO:Engine for model 'svm' has not been set explicitly, hence returning None.
2026-02-09 17:42:49,638:INFO:Engine for model 'knn' has not been set explicitly, hence returning None.
2026-02-09 17:42:49,638:INFO:Soft dependency imported: xgboost: 2.1.4
2026-02-09 17:42:49,640:INFO:Soft dependency imported: catboost: 1.2.8
2026-02-09 17:42:49,640:INFO:Engine successfully changes for model 'knn' to 'sklearn'.
2026-02-09 17:42:49,670:INFO:Engine for model 'svm' has not been set explicitly, hence returning None.
2026-02-09 17:42:49,700:INFO:Soft dependency imported: xgboost: 2.1.4
2026-02-09 17:42:49,700:INFO:Soft dependency imported: catboost: 1.2.8
2026-02-09 17:42:49,738:INFO:Engine for model 'svm' has not been set explicitly, hence returning None.
2026-02-09 17:42:49,764:INFO:Soft dependency imported: xgboost: 2.1.4
2026-02-09 17:42:49,765:INFO:Soft dependency imported: catboost: 1.2.8
2026-02-09 17:42:49,766:INFO:Engine successfully changes for model 'svm' to 'sklearn'.
2026-02-09 17:42:49,819:INFO:Soft dependency imported: xgboost: 2.1.4
2026-02-09 17:42:49,819:INFO:Soft dependency imported: catboost: 1.2.8
2026-02-09 17:42:49,888:INFO:Soft dependency imported: xgboost: 2.1.4
2026-02-09 17:42:49,889:INFO:Soft dependency imported: catboost: 1.2.8
2026-02-09 17:42:49,890:INFO:Preparing preprocessing pipeline...
2026-02-09 17:42:49,890:INFO:Set up simple imputation.
2026-02-09 17:42:49,892:INFO:Set up encoding of ordinal features.
2026-02-09 17:42:49,892:INFO:Set up encoding of categorical features.
2026-02-09 17:42:49,892:INFO:Set up feature normalization.
2026-02-09 17:42:49,917:INFO:Finished creating preprocessing pipeline.
2026-02-09 17:42:49,931:INFO:Pipeline: Pipeline(memory=FastMemory(location=C:\Users\itwill\AppData\Local\Temp\joblib),
         steps=[('numerical_imputer',
                 TransformerWrapper(include=['visitors', 'avg_price',
                                             'marketing_cost', 'delivery_ratio',
                                             'rain_mm', 'temperature'],
                                    transformer=SimpleImputer())),
                ('categorical_imputer',
                 TransformerWrapper(include=['weekend', 'holiday'],
                                    transformer=SimpleImputer(strat...
                 TransformerWrapper(include=['weekend', 'holiday'],
                                    transformer=OrdinalEncoder(cols=['weekend',
                                                                     'holiday'],
                                                               handle_missing='return_nan',
                                                               mapping=[{'col': 'weekend',
                                                                         'data_type': dtype('float64'),
                                                                         'mapping': 0.000    0
1.000    1
NaN     -1
dtype: int64},
                                                                        {'col': 'holiday',
                                                                         'data_type': dtype('float64'),
                                                                         'mapping': 0.000    0
1.000    1
NaN     -1
dtype: int64}]))),
                ('normalize',
                 TransformerWrapper(transformer=StandardScaler()))])
2026-02-09 17:42:49,931:INFO:Creating final display dataframe.
2026-02-09 17:42:50,025:INFO:Setup _display_container:                     Description             Value
0                    Session id                52
1                        Target             sales
2                   Target type        Regression
3           Original data shape          (353, 9)
4        Transformed data shape          (353, 9)
5   Transformed train set shape          (264, 9)
6    Transformed test set shape           (89, 9)
7              Numeric features                 6
8          Categorical features                 2
9                    Preprocess              True
10              Imputation type            simple
11           Numeric imputation              mean
12       Categorical imputation              mode
13     Maximum one-hot encoding                25
14              Encoding method              None
15                    Normalize              True
16             Normalize method            zscore
17               Fold Generator             KFold
18                  Fold Number                 5
19                     CPU Jobs                -1
20                      Use GPU             False
21               Log Experiment             False
22              Experiment Name  reg-default-name
23                          USI              6bf7
2026-02-09 17:42:50,086:INFO:Soft dependency imported: xgboost: 2.1.4
2026-02-09 17:42:50,086:INFO:Soft dependency imported: catboost: 1.2.8
2026-02-09 17:42:50,179:INFO:Soft dependency imported: xgboost: 2.1.4
2026-02-09 17:42:50,182:INFO:Soft dependency imported: catboost: 1.2.8
2026-02-09 17:42:50,182:INFO:setup() successfully completed in 1.1s...............
2026-02-09 17:42:51,875:INFO:gpu_param set to False
2026-02-09 17:42:51,949:INFO:Soft dependency imported: xgboost: 2.1.4
2026-02-09 17:42:51,949:INFO:Soft dependency imported: catboost: 1.2.8
2026-02-09 17:42:52,036:INFO:Soft dependency imported: xgboost: 2.1.4
2026-02-09 17:42:52,039:INFO:Soft dependency imported: catboost: 1.2.8
2026-02-09 17:42:54,305:INFO:gpu_param set to False
2026-02-09 17:42:54,386:INFO:Soft dependency imported: xgboost: 2.1.4
2026-02-09 17:42:54,386:INFO:Soft dependency imported: catboost: 1.2.8
2026-02-09 17:42:54,454:INFO:Soft dependency imported: xgboost: 2.1.4
2026-02-09 17:42:54,454:INFO:Soft dependency imported: catboost: 1.2.8
2026-02-09 17:42:55,158:INFO:gpu_param set to False
2026-02-09 17:42:55,258:INFO:Soft dependency imported: xgboost: 2.1.4
2026-02-09 17:42:55,259:INFO:Soft dependency imported: catboost: 1.2.8
2026-02-09 17:42:55,326:INFO:Soft dependency imported: xgboost: 2.1.4
2026-02-09 17:42:55,328:INFO:Soft dependency imported: catboost: 1.2.8
2026-02-09 17:42:56,341:INFO:gpu_param set to False
2026-02-09 17:42:56,412:INFO:Soft dependency imported: xgboost: 2.1.4
2026-02-09 17:42:56,413:INFO:Soft dependency imported: catboost: 1.2.8
2026-02-09 17:42:56,469:INFO:Soft dependency imported: xgboost: 2.1.4
2026-02-09 17:42:56,469:INFO:Soft dependency imported: catboost: 1.2.8
2026-02-09 17:42:56,959:INFO:gpu_param set to False
2026-02-09 17:42:57,033:INFO:Soft dependency imported: xgboost: 2.1.4
2026-02-09 17:42:57,034:INFO:Soft dependency imported: catboost: 1.2.8
2026-02-09 17:42:57,100:INFO:Soft dependency imported: xgboost: 2.1.4
2026-02-09 17:42:57,100:INFO:Soft dependency imported: catboost: 1.2.8
2026-02-09 17:42:57,721:INFO:Initializing compare_models()
2026-02-09 17:42:57,721:INFO:compare_models(self=<pycaret.regression.oop.RegressionExperiment object at 0x000001EFB7C1A090>, include=None, exclude=None, fold=5, round=4, cross_validation=True, sort=RMSE, n_select=5, budget_time=None, turbo=True, errors=ignore, fit_kwargs=None, groups=None, experiment_custom_tags=None, probability_threshold=None, verbose=True, parallel=None, caller_params={'self': <pycaret.regression.oop.RegressionExperiment object at 0x000001EFB7C1A090>, 'include': None, 'exclude': None, 'fold': 5, 'round': 4, 'cross_validation': True, 'sort': 'RMSE', 'n_select': 5, 'budget_time': None, 'turbo': True, 'errors': 'ignore', 'fit_kwargs': None, 'groups': None, 'experiment_custom_tags': None, 'engine': None, 'verbose': True, 'parallel': None, '__class__': <class 'pycaret.regression.oop.RegressionExperiment'>})
2026-02-09 17:42:57,721:INFO:Checking exceptions
2026-02-09 17:42:57,723:INFO:Preparing display monitor
2026-02-09 17:42:57,747:INFO:Initializing Linear Regression
2026-02-09 17:42:57,747:INFO:Total runtime is 0.0 minutes
2026-02-09 17:42:57,752:INFO:SubProcess create_model() called ==================================
2026-02-09 17:42:57,753:INFO:Initializing create_model()
2026-02-09 17:42:57,753:INFO:create_model(self=<pycaret.regression.oop.RegressionExperiment object at 0x000001EFB7C1A090>, estimator=lr, fold=KFold(n_splits=5, random_state=None, shuffle=False), round=4, cross_validation=True, predict=True, fit_kwargs={}, groups=None, refit=False, probability_threshold=None, experiment_custom_tags=None, verbose=False, system=False, add_to_model_list=True, metrics=None, display=<pycaret.internal.display.display.CommonDisplay object at 0x000001EF99844C50>, model_only=True, return_train_score=False, error_score=0.0, kwargs={})
2026-02-09 17:42:57,753:INFO:Checking exceptions
2026-02-09 17:42:57,753:INFO:Importing libraries
2026-02-09 17:42:57,753:INFO:Copying training dataset
2026-02-09 17:42:57,757:INFO:Defining folds
2026-02-09 17:42:57,757:INFO:Declaring metric variables
2026-02-09 17:42:57,760:INFO:Importing untrained model
2026-02-09 17:42:57,763:INFO:Linear Regression Imported successfully
2026-02-09 17:42:57,772:INFO:Starting cross validation
2026-02-09 17:42:57,773:INFO:Cross validating with KFold(n_splits=5, random_state=None, shuffle=False), n_jobs=-1
2026-02-09 17:43:08,230:INFO:Calculating mean and std
2026-02-09 17:43:08,231:INFO:Creating metrics dataframe
2026-02-09 17:43:08,235:INFO:Uploading results into container
2026-02-09 17:43:08,235:INFO:Uploading model into container now
2026-02-09 17:43:08,236:INFO:_master_model_container: 1
2026-02-09 17:43:08,236:INFO:_display_container: 2
2026-02-09 17:43:08,236:INFO:LinearRegression(n_jobs=-1)
2026-02-09 17:43:08,236:INFO:create_model() successfully completed......................................
2026-02-09 17:43:12,432:INFO:SubProcess create_model() end ==================================
2026-02-09 17:43:12,432:INFO:Creating metrics dataframe
2026-02-09 17:43:12,453:INFO:Initializing Lasso Regression
2026-02-09 17:43:12,453:INFO:Total runtime is 0.24510500033696492 minutes
2026-02-09 17:43:12,453:INFO:SubProcess create_model() called ==================================
2026-02-09 17:43:12,453:INFO:Initializing create_model()
2026-02-09 17:43:12,453:INFO:create_model(self=<pycaret.regression.oop.RegressionExperiment object at 0x000001EFB7C1A090>, estimator=lasso, fold=KFold(n_splits=5, random_state=None, shuffle=False), round=4, cross_validation=True, predict=True, fit_kwargs={}, groups=None, refit=False, probability_threshold=None, experiment_custom_tags=None, verbose=False, system=False, add_to_model_list=True, metrics=None, display=<pycaret.internal.display.display.CommonDisplay object at 0x000001EF99844C50>, model_only=True, return_train_score=False, error_score=0.0, kwargs={})
2026-02-09 17:43:12,453:INFO:Checking exceptions
2026-02-09 17:43:12,453:INFO:Importing libraries
2026-02-09 17:43:12,453:INFO:Copying training dataset
2026-02-09 17:43:12,466:INFO:Defining folds
2026-02-09 17:43:12,466:INFO:Declaring metric variables
2026-02-09 17:43:12,474:INFO:Importing untrained model
2026-02-09 17:43:12,474:INFO:Lasso Regression Imported successfully
2026-02-09 17:43:12,490:INFO:Starting cross validation
2026-02-09 17:43:12,492:INFO:Cross validating with KFold(n_splits=5, random_state=None, shuffle=False), n_jobs=-1
2026-02-09 17:43:15,447:INFO:Calculating mean and std
2026-02-09 17:43:15,450:INFO:Creating metrics dataframe
2026-02-09 17:43:15,453:INFO:Uploading results into container
2026-02-09 17:43:15,453:INFO:Uploading model into container now
2026-02-09 17:43:15,454:INFO:_master_model_container: 2
2026-02-09 17:43:15,454:INFO:_display_container: 2
2026-02-09 17:43:15,454:INFO:Lasso(random_state=52)
2026-02-09 17:43:15,454:INFO:create_model() successfully completed......................................
2026-02-09 17:43:16,866:INFO:SubProcess create_model() end ==================================
2026-02-09 17:43:16,866:INFO:Creating metrics dataframe
2026-02-09 17:43:16,876:INFO:Initializing Ridge Regression
2026-02-09 17:43:16,876:INFO:Total runtime is 0.31881205240885413 minutes
2026-02-09 17:43:16,877:INFO:SubProcess create_model() called ==================================
2026-02-09 17:43:16,877:INFO:Initializing create_model()
2026-02-09 17:43:16,877:INFO:create_model(self=<pycaret.regression.oop.RegressionExperiment object at 0x000001EFB7C1A090>, estimator=ridge, fold=KFold(n_splits=5, random_state=None, shuffle=False), round=4, cross_validation=True, predict=True, fit_kwargs={}, groups=None, refit=False, probability_threshold=None, experiment_custom_tags=None, verbose=False, system=False, add_to_model_list=True, metrics=None, display=<pycaret.internal.display.display.CommonDisplay object at 0x000001EF99844C50>, model_only=True, return_train_score=False, error_score=0.0, kwargs={})
2026-02-09 17:43:16,877:INFO:Checking exceptions
2026-02-09 17:43:16,877:INFO:Importing libraries
2026-02-09 17:43:16,877:INFO:Copying training dataset
2026-02-09 17:43:16,882:INFO:Defining folds
2026-02-09 17:43:16,882:INFO:Declaring metric variables
2026-02-09 17:43:16,886:INFO:Importing untrained model
2026-02-09 17:43:16,886:INFO:Ridge Regression Imported successfully
2026-02-09 17:43:16,886:INFO:Starting cross validation
2026-02-09 17:43:16,886:INFO:Cross validating with KFold(n_splits=5, random_state=None, shuffle=False), n_jobs=-1
2026-02-09 17:43:18,522:INFO:Calculating mean and std
2026-02-09 17:43:18,522:INFO:Creating metrics dataframe
2026-02-09 17:43:18,522:INFO:Uploading results into container
2026-02-09 17:43:18,526:INFO:Uploading model into container now
2026-02-09 17:43:18,526:INFO:_master_model_container: 3
2026-02-09 17:43:18,527:INFO:_display_container: 2
2026-02-09 17:43:18,527:INFO:Ridge(random_state=52)
2026-02-09 17:43:18,528:INFO:create_model() successfully completed......................................
2026-02-09 17:43:19,842:INFO:SubProcess create_model() end ==================================
2026-02-09 17:43:19,842:INFO:Creating metrics dataframe
2026-02-09 17:43:19,846:INFO:Initializing Elastic Net
2026-02-09 17:43:19,846:INFO:Total runtime is 0.36831182638804116 minutes
2026-02-09 17:43:19,849:INFO:SubProcess create_model() called ==================================
2026-02-09 17:43:19,849:INFO:Initializing create_model()
2026-02-09 17:43:19,849:INFO:create_model(self=<pycaret.regression.oop.RegressionExperiment object at 0x000001EFB7C1A090>, estimator=en, fold=KFold(n_splits=5, random_state=None, shuffle=False), round=4, cross_validation=True, predict=True, fit_kwargs={}, groups=None, refit=False, probability_threshold=None, experiment_custom_tags=None, verbose=False, system=False, add_to_model_list=True, metrics=None, display=<pycaret.internal.display.display.CommonDisplay object at 0x000001EF99844C50>, model_only=True, return_train_score=False, error_score=0.0, kwargs={})
2026-02-09 17:43:19,849:INFO:Checking exceptions
2026-02-09 17:43:19,849:INFO:Importing libraries
2026-02-09 17:43:19,849:INFO:Copying training dataset
2026-02-09 17:43:19,851:INFO:Defining folds
2026-02-09 17:43:19,851:INFO:Declaring metric variables
2026-02-09 17:43:19,858:INFO:Importing untrained model
2026-02-09 17:43:19,858:INFO:Elastic Net Imported successfully
2026-02-09 17:43:19,870:INFO:Starting cross validation
2026-02-09 17:43:19,871:INFO:Cross validating with KFold(n_splits=5, random_state=None, shuffle=False), n_jobs=-1
2026-02-09 17:43:19,949:INFO:Calculating mean and std
2026-02-09 17:43:19,949:INFO:Creating metrics dataframe
2026-02-09 17:43:19,950:INFO:Uploading results into container
2026-02-09 17:43:19,950:INFO:Uploading model into container now
2026-02-09 17:43:19,950:INFO:_master_model_container: 4
2026-02-09 17:43:19,950:INFO:_display_container: 2
2026-02-09 17:43:19,950:INFO:ElasticNet(random_state=52)
2026-02-09 17:43:19,950:INFO:create_model() successfully completed......................................
2026-02-09 17:43:21,136:INFO:SubProcess create_model() end ==================================
2026-02-09 17:43:21,136:INFO:Creating metrics dataframe
2026-02-09 17:43:21,140:INFO:Initializing Least Angle Regression
2026-02-09 17:43:21,140:INFO:Total runtime is 0.38988756338755287 minutes
2026-02-09 17:43:21,143:INFO:SubProcess create_model() called ==================================
2026-02-09 17:43:21,143:INFO:Initializing create_model()
2026-02-09 17:43:21,143:INFO:create_model(self=<pycaret.regression.oop.RegressionExperiment object at 0x000001EFB7C1A090>, estimator=lar, fold=KFold(n_splits=5, random_state=None, shuffle=False), round=4, cross_validation=True, predict=True, fit_kwargs={}, groups=None, refit=False, probability_threshold=None, experiment_custom_tags=None, verbose=False, system=False, add_to_model_list=True, metrics=None, display=<pycaret.internal.display.display.CommonDisplay object at 0x000001EF99844C50>, model_only=True, return_train_score=False, error_score=0.0, kwargs={})
2026-02-09 17:43:21,143:INFO:Checking exceptions
2026-02-09 17:43:21,143:INFO:Importing libraries
2026-02-09 17:43:21,143:INFO:Copying training dataset
2026-02-09 17:43:21,147:INFO:Defining folds
2026-02-09 17:43:21,147:INFO:Declaring metric variables
2026-02-09 17:43:21,151:INFO:Importing untrained model
2026-02-09 17:43:21,154:INFO:Least Angle Regression Imported successfully
2026-02-09 17:43:21,161:INFO:Starting cross validation
2026-02-09 17:43:21,161:INFO:Cross validating with KFold(n_splits=5, random_state=None, shuffle=False), n_jobs=-1
2026-02-09 17:43:21,298:INFO:Calculating mean and std
2026-02-09 17:43:21,299:INFO:Creating metrics dataframe
2026-02-09 17:43:21,301:INFO:Uploading results into container
2026-02-09 17:43:21,302:INFO:Uploading model into container now
2026-02-09 17:43:21,302:INFO:_master_model_container: 5
2026-02-09 17:43:21,302:INFO:_display_container: 2
2026-02-09 17:43:21,303:INFO:Lars(random_state=52)
2026-02-09 17:43:21,303:INFO:create_model() successfully completed......................................
2026-02-09 17:43:22,594:INFO:SubProcess create_model() end ==================================
2026-02-09 17:43:22,594:INFO:Creating metrics dataframe
2026-02-09 17:43:22,601:INFO:Initializing Lasso Least Angle Regression
2026-02-09 17:43:22,602:INFO:Total runtime is 0.41425309578577674 minutes
2026-02-09 17:43:22,606:INFO:SubProcess create_model() called ==================================
2026-02-09 17:43:22,606:INFO:Initializing create_model()
2026-02-09 17:43:22,606:INFO:create_model(self=<pycaret.regression.oop.RegressionExperiment object at 0x000001EFB7C1A090>, estimator=llar, fold=KFold(n_splits=5, random_state=None, shuffle=False), round=4, cross_validation=True, predict=True, fit_kwargs={}, groups=None, refit=False, probability_threshold=None, experiment_custom_tags=None, verbose=False, system=False, add_to_model_list=True, metrics=None, display=<pycaret.internal.display.display.CommonDisplay object at 0x000001EF99844C50>, model_only=True, return_train_score=False, error_score=0.0, kwargs={})
2026-02-09 17:43:22,606:INFO:Checking exceptions
2026-02-09 17:43:22,606:INFO:Importing libraries
2026-02-09 17:43:22,606:INFO:Copying training dataset
2026-02-09 17:43:22,609:INFO:Defining folds
2026-02-09 17:43:22,609:INFO:Declaring metric variables
2026-02-09 17:43:22,611:INFO:Importing untrained model
2026-02-09 17:43:22,616:INFO:Lasso Least Angle Regression Imported successfully
2026-02-09 17:43:22,623:INFO:Starting cross validation
2026-02-09 17:43:22,624:INFO:Cross validating with KFold(n_splits=5, random_state=None, shuffle=False), n_jobs=-1
2026-02-09 17:43:22,683:INFO:Calculating mean and std
2026-02-09 17:43:22,683:INFO:Creating metrics dataframe
2026-02-09 17:43:22,684:INFO:Uploading results into container
2026-02-09 17:43:22,684:INFO:Uploading model into container now
2026-02-09 17:43:22,685:INFO:_master_model_container: 6
2026-02-09 17:43:22,685:INFO:_display_container: 2
2026-02-09 17:43:22,685:INFO:LassoLars(random_state=52)
2026-02-09 17:43:22,685:INFO:create_model() successfully completed......................................
2026-02-09 17:43:23,898:INFO:SubProcess create_model() end ==================================
2026-02-09 17:43:23,898:INFO:Creating metrics dataframe
2026-02-09 17:43:23,899:INFO:Initializing Orthogonal Matching Pursuit
2026-02-09 17:43:23,899:INFO:Total runtime is 0.4358621954917907 minutes
2026-02-09 17:43:23,899:INFO:SubProcess create_model() called ==================================
2026-02-09 17:43:23,899:INFO:Initializing create_model()
2026-02-09 17:43:23,899:INFO:create_model(self=<pycaret.regression.oop.RegressionExperiment object at 0x000001EFB7C1A090>, estimator=omp, fold=KFold(n_splits=5, random_state=None, shuffle=False), round=4, cross_validation=True, predict=True, fit_kwargs={}, groups=None, refit=False, probability_threshold=None, experiment_custom_tags=None, verbose=False, system=False, add_to_model_list=True, metrics=None, display=<pycaret.internal.display.display.CommonDisplay object at 0x000001EF99844C50>, model_only=True, return_train_score=False, error_score=0.0, kwargs={})
2026-02-09 17:43:23,899:INFO:Checking exceptions
2026-02-09 17:43:23,899:INFO:Importing libraries
2026-02-09 17:43:23,899:INFO:Copying training dataset
2026-02-09 17:43:23,899:INFO:Defining folds
2026-02-09 17:43:23,899:INFO:Declaring metric variables
2026-02-09 17:43:23,899:INFO:Importing untrained model
2026-02-09 17:43:23,899:INFO:Orthogonal Matching Pursuit Imported successfully
2026-02-09 17:43:23,919:INFO:Starting cross validation
2026-02-09 17:43:23,920:INFO:Cross validating with KFold(n_splits=5, random_state=None, shuffle=False), n_jobs=-1
2026-02-09 17:43:46,356:INFO:Calculating mean and std
2026-02-09 17:43:46,356:INFO:Creating metrics dataframe
2026-02-09 17:43:46,370:INFO:Uploading results into container
2026-02-09 17:43:46,371:INFO:Uploading model into container now
2026-02-09 17:43:46,371:INFO:_master_model_container: 7
2026-02-09 17:43:46,371:INFO:_display_container: 2
2026-02-09 17:43:46,371:INFO:OrthogonalMatchingPursuit()
2026-02-09 17:43:46,372:INFO:create_model() successfully completed......................................
2026-02-09 17:43:47,748:INFO:SubProcess create_model() end ==================================
2026-02-09 17:43:47,748:INFO:Creating metrics dataframe
2026-02-09 17:43:47,757:INFO:Initializing Bayesian Ridge
2026-02-09 17:43:47,757:INFO:Total runtime is 0.8334925770759583 minutes
2026-02-09 17:43:47,764:INFO:SubProcess create_model() called ==================================
2026-02-09 17:43:47,764:INFO:Initializing create_model()
2026-02-09 17:43:47,764:INFO:create_model(self=<pycaret.regression.oop.RegressionExperiment object at 0x000001EFB7C1A090>, estimator=br, fold=KFold(n_splits=5, random_state=None, shuffle=False), round=4, cross_validation=True, predict=True, fit_kwargs={}, groups=None, refit=False, probability_threshold=None, experiment_custom_tags=None, verbose=False, system=False, add_to_model_list=True, metrics=None, display=<pycaret.internal.display.display.CommonDisplay object at 0x000001EF99844C50>, model_only=True, return_train_score=False, error_score=0.0, kwargs={})
2026-02-09 17:43:47,764:INFO:Checking exceptions
2026-02-09 17:43:47,764:INFO:Importing libraries
2026-02-09 17:43:47,764:INFO:Copying training dataset
2026-02-09 17:43:47,771:INFO:Defining folds
2026-02-09 17:43:47,771:INFO:Declaring metric variables
2026-02-09 17:43:47,777:INFO:Importing untrained model
2026-02-09 17:43:47,784:INFO:Bayesian Ridge Imported successfully
2026-02-09 17:43:47,797:INFO:Starting cross validation
2026-02-09 17:43:47,799:INFO:Cross validating with KFold(n_splits=5, random_state=None, shuffle=False), n_jobs=-1
2026-02-09 17:43:47,961:INFO:Calculating mean and std
2026-02-09 17:43:47,962:INFO:Creating metrics dataframe
2026-02-09 17:43:47,964:INFO:Uploading results into container
2026-02-09 17:43:47,965:INFO:Uploading model into container now
2026-02-09 17:43:47,966:INFO:_master_model_container: 8
2026-02-09 17:43:47,966:INFO:_display_container: 2
2026-02-09 17:43:47,966:INFO:BayesianRidge()
2026-02-09 17:43:47,966:INFO:create_model() successfully completed......................................
2026-02-09 17:43:49,486:INFO:SubProcess create_model() end ==================================
2026-02-09 17:43:49,486:INFO:Creating metrics dataframe
2026-02-09 17:43:49,493:INFO:Initializing Passive Aggressive Regressor
2026-02-09 17:43:49,493:INFO:Total runtime is 0.8624327858289083 minutes
2026-02-09 17:43:49,497:INFO:SubProcess create_model() called ==================================
2026-02-09 17:43:49,497:INFO:Initializing create_model()
2026-02-09 17:43:49,497:INFO:create_model(self=<pycaret.regression.oop.RegressionExperiment object at 0x000001EFB7C1A090>, estimator=par, fold=KFold(n_splits=5, random_state=None, shuffle=False), round=4, cross_validation=True, predict=True, fit_kwargs={}, groups=None, refit=False, probability_threshold=None, experiment_custom_tags=None, verbose=False, system=False, add_to_model_list=True, metrics=None, display=<pycaret.internal.display.display.CommonDisplay object at 0x000001EF99844C50>, model_only=True, return_train_score=False, error_score=0.0, kwargs={})
2026-02-09 17:43:49,497:INFO:Checking exceptions
2026-02-09 17:43:49,497:INFO:Importing libraries
2026-02-09 17:43:49,497:INFO:Copying training dataset
2026-02-09 17:43:49,501:INFO:Defining folds
2026-02-09 17:43:49,501:INFO:Declaring metric variables
2026-02-09 17:43:49,504:INFO:Importing untrained model
2026-02-09 17:43:49,507:INFO:Passive Aggressive Regressor Imported successfully
2026-02-09 17:43:49,514:INFO:Starting cross validation
2026-02-09 17:43:49,515:INFO:Cross validating with KFold(n_splits=5, random_state=None, shuffle=False), n_jobs=-1
2026-02-09 17:43:49,585:INFO:Calculating mean and std
2026-02-09 17:43:49,585:INFO:Creating metrics dataframe
2026-02-09 17:43:49,587:INFO:Uploading results into container
2026-02-09 17:43:49,587:INFO:Uploading model into container now
2026-02-09 17:43:49,588:INFO:_master_model_container: 9
2026-02-09 17:43:49,588:INFO:_display_container: 2
2026-02-09 17:43:49,588:INFO:PassiveAggressiveRegressor(random_state=52)
2026-02-09 17:43:49,588:INFO:create_model() successfully completed......................................
2026-02-09 17:43:51,061:INFO:SubProcess create_model() end ==================================
2026-02-09 17:43:51,061:INFO:Creating metrics dataframe
2026-02-09 17:43:51,066:INFO:Initializing Huber Regressor
2026-02-09 17:43:51,066:INFO:Total runtime is 0.8886440674463908 minutes
2026-02-09 17:43:51,070:INFO:SubProcess create_model() called ==================================
2026-02-09 17:43:51,070:INFO:Initializing create_model()
2026-02-09 17:43:51,070:INFO:create_model(self=<pycaret.regression.oop.RegressionExperiment object at 0x000001EFB7C1A090>, estimator=huber, fold=KFold(n_splits=5, random_state=None, shuffle=False), round=4, cross_validation=True, predict=True, fit_kwargs={}, groups=None, refit=False, probability_threshold=None, experiment_custom_tags=None, verbose=False, system=False, add_to_model_list=True, metrics=None, display=<pycaret.internal.display.display.CommonDisplay object at 0x000001EF99844C50>, model_only=True, return_train_score=False, error_score=0.0, kwargs={})
2026-02-09 17:43:51,070:INFO:Checking exceptions
2026-02-09 17:43:51,070:INFO:Importing libraries
2026-02-09 17:43:51,070:INFO:Copying training dataset
2026-02-09 17:43:51,073:INFO:Defining folds
2026-02-09 17:43:51,073:INFO:Declaring metric variables
2026-02-09 17:43:51,077:INFO:Importing untrained model
2026-02-09 17:43:51,080:INFO:Huber Regressor Imported successfully
2026-02-09 17:43:51,088:INFO:Starting cross validation
2026-02-09 17:43:51,089:INFO:Cross validating with KFold(n_splits=5, random_state=None, shuffle=False), n_jobs=-1
2026-02-09 17:43:51,159:INFO:Calculating mean and std
2026-02-09 17:43:51,159:INFO:Creating metrics dataframe
2026-02-09 17:43:51,159:INFO:Uploading results into container
2026-02-09 17:43:51,160:INFO:Uploading model into container now
2026-02-09 17:43:51,160:INFO:_master_model_container: 10
2026-02-09 17:43:51,160:INFO:_display_container: 2
2026-02-09 17:43:51,160:INFO:HuberRegressor()
2026-02-09 17:43:51,160:INFO:create_model() successfully completed......................................
2026-02-09 17:43:52,368:INFO:SubProcess create_model() end ==================================
2026-02-09 17:43:52,368:INFO:Creating metrics dataframe
2026-02-09 17:43:52,374:INFO:Initializing K Neighbors Regressor
2026-02-09 17:43:52,374:INFO:Total runtime is 0.9104445457458497 minutes
2026-02-09 17:43:52,377:INFO:SubProcess create_model() called ==================================
2026-02-09 17:43:52,377:INFO:Initializing create_model()
2026-02-09 17:43:52,377:INFO:create_model(self=<pycaret.regression.oop.RegressionExperiment object at 0x000001EFB7C1A090>, estimator=knn, fold=KFold(n_splits=5, random_state=None, shuffle=False), round=4, cross_validation=True, predict=True, fit_kwargs={}, groups=None, refit=False, probability_threshold=None, experiment_custom_tags=None, verbose=False, system=False, add_to_model_list=True, metrics=None, display=<pycaret.internal.display.display.CommonDisplay object at 0x000001EF99844C50>, model_only=True, return_train_score=False, error_score=0.0, kwargs={})
2026-02-09 17:43:52,377:INFO:Checking exceptions
2026-02-09 17:43:52,377:INFO:Importing libraries
2026-02-09 17:43:52,377:INFO:Copying training dataset
2026-02-09 17:43:52,380:INFO:Defining folds
2026-02-09 17:43:52,380:INFO:Declaring metric variables
2026-02-09 17:43:52,384:INFO:Importing untrained model
2026-02-09 17:43:52,387:INFO:K Neighbors Regressor Imported successfully
2026-02-09 17:43:52,394:INFO:Starting cross validation
2026-02-09 17:43:52,394:INFO:Cross validating with KFold(n_splits=5, random_state=None, shuffle=False), n_jobs=-1
2026-02-09 17:43:52,474:INFO:Calculating mean and std
2026-02-09 17:43:52,474:INFO:Creating metrics dataframe
2026-02-09 17:43:52,475:INFO:Uploading results into container
2026-02-09 17:43:52,475:INFO:Uploading model into container now
2026-02-09 17:43:52,475:INFO:_master_model_container: 11
2026-02-09 17:43:52,475:INFO:_display_container: 2
2026-02-09 17:43:52,476:INFO:KNeighborsRegressor(n_jobs=-1)
2026-02-09 17:43:52,476:INFO:create_model() successfully completed......................................
2026-02-09 17:43:53,626:INFO:SubProcess create_model() end ==================================
2026-02-09 17:43:53,626:INFO:Creating metrics dataframe
2026-02-09 17:43:53,632:INFO:Initializing Decision Tree Regressor
2026-02-09 17:43:53,632:INFO:Total runtime is 0.9314125180244446 minutes
2026-02-09 17:43:53,632:INFO:SubProcess create_model() called ==================================
2026-02-09 17:43:53,632:INFO:Initializing create_model()
2026-02-09 17:43:53,632:INFO:create_model(self=<pycaret.regression.oop.RegressionExperiment object at 0x000001EFB7C1A090>, estimator=dt, fold=KFold(n_splits=5, random_state=None, shuffle=False), round=4, cross_validation=True, predict=True, fit_kwargs={}, groups=None, refit=False, probability_threshold=None, experiment_custom_tags=None, verbose=False, system=False, add_to_model_list=True, metrics=None, display=<pycaret.internal.display.display.CommonDisplay object at 0x000001EF99844C50>, model_only=True, return_train_score=False, error_score=0.0, kwargs={})
2026-02-09 17:43:53,632:INFO:Checking exceptions
2026-02-09 17:43:53,632:INFO:Importing libraries
2026-02-09 17:43:53,632:INFO:Copying training dataset
2026-02-09 17:43:53,632:INFO:Defining folds
2026-02-09 17:43:53,632:INFO:Declaring metric variables
2026-02-09 17:43:53,640:INFO:Importing untrained model
2026-02-09 17:43:53,644:INFO:Decision Tree Regressor Imported successfully
2026-02-09 17:43:53,651:INFO:Starting cross validation
2026-02-09 17:43:53,651:INFO:Cross validating with KFold(n_splits=5, random_state=None, shuffle=False), n_jobs=-1
2026-02-09 17:43:53,720:INFO:Calculating mean and std
2026-02-09 17:43:53,720:INFO:Creating metrics dataframe
2026-02-09 17:43:53,720:INFO:Uploading results into container
2026-02-09 17:43:53,721:INFO:Uploading model into container now
2026-02-09 17:43:53,721:INFO:_master_model_container: 12
2026-02-09 17:43:53,721:INFO:_display_container: 2
2026-02-09 17:43:53,721:INFO:DecisionTreeRegressor(random_state=52)
2026-02-09 17:43:53,721:INFO:create_model() successfully completed......................................
2026-02-09 17:43:54,850:INFO:SubProcess create_model() end ==================================
2026-02-09 17:43:54,850:INFO:Creating metrics dataframe
2026-02-09 17:43:54,855:INFO:Initializing Random Forest Regressor
2026-02-09 17:43:54,855:INFO:Total runtime is 0.9518047372500101 minutes
2026-02-09 17:43:54,858:INFO:SubProcess create_model() called ==================================
2026-02-09 17:43:54,859:INFO:Initializing create_model()
2026-02-09 17:43:54,859:INFO:create_model(self=<pycaret.regression.oop.RegressionExperiment object at 0x000001EFB7C1A090>, estimator=rf, fold=KFold(n_splits=5, random_state=None, shuffle=False), round=4, cross_validation=True, predict=True, fit_kwargs={}, groups=None, refit=False, probability_threshold=None, experiment_custom_tags=None, verbose=False, system=False, add_to_model_list=True, metrics=None, display=<pycaret.internal.display.display.CommonDisplay object at 0x000001EF99844C50>, model_only=True, return_train_score=False, error_score=0.0, kwargs={})
2026-02-09 17:43:54,859:INFO:Checking exceptions
2026-02-09 17:43:54,859:INFO:Importing libraries
2026-02-09 17:43:54,859:INFO:Copying training dataset
2026-02-09 17:43:54,861:INFO:Defining folds
2026-02-09 17:43:54,862:INFO:Declaring metric variables
2026-02-09 17:43:54,866:INFO:Importing untrained model
2026-02-09 17:43:54,869:INFO:Random Forest Regressor Imported successfully
2026-02-09 17:43:54,876:INFO:Starting cross validation
2026-02-09 17:43:54,877:INFO:Cross validating with KFold(n_splits=5, random_state=None, shuffle=False), n_jobs=-1
2026-02-09 17:43:55,057:INFO:Calculating mean and std
2026-02-09 17:43:55,057:INFO:Creating metrics dataframe
2026-02-09 17:43:55,057:INFO:Uploading results into container
2026-02-09 17:43:55,060:INFO:Uploading model into container now
2026-02-09 17:43:55,060:INFO:_master_model_container: 13
2026-02-09 17:43:55,060:INFO:_display_container: 2
2026-02-09 17:43:55,061:INFO:RandomForestRegressor(n_jobs=-1, random_state=52)
2026-02-09 17:43:55,061:INFO:create_model() successfully completed......................................
2026-02-09 17:43:56,217:INFO:SubProcess create_model() end ==================================
2026-02-09 17:43:56,217:INFO:Creating metrics dataframe
2026-02-09 17:43:56,235:INFO:Initializing Extra Trees Regressor
2026-02-09 17:43:56,235:INFO:Total runtime is 0.974807079633077 minutes
2026-02-09 17:43:56,240:INFO:SubProcess create_model() called ==================================
2026-02-09 17:43:56,241:INFO:Initializing create_model()
2026-02-09 17:43:56,241:INFO:create_model(self=<pycaret.regression.oop.RegressionExperiment object at 0x000001EFB7C1A090>, estimator=et, fold=KFold(n_splits=5, random_state=None, shuffle=False), round=4, cross_validation=True, predict=True, fit_kwargs={}, groups=None, refit=False, probability_threshold=None, experiment_custom_tags=None, verbose=False, system=False, add_to_model_list=True, metrics=None, display=<pycaret.internal.display.display.CommonDisplay object at 0x000001EF99844C50>, model_only=True, return_train_score=False, error_score=0.0, kwargs={})
2026-02-09 17:43:56,241:INFO:Checking exceptions
2026-02-09 17:43:56,241:INFO:Importing libraries
2026-02-09 17:43:56,241:INFO:Copying training dataset
2026-02-09 17:43:56,244:INFO:Defining folds
2026-02-09 17:43:56,244:INFO:Declaring metric variables
2026-02-09 17:43:56,248:INFO:Importing untrained model
2026-02-09 17:43:56,250:INFO:Extra Trees Regressor Imported successfully
2026-02-09 17:43:56,250:INFO:Starting cross validation
2026-02-09 17:43:56,250:INFO:Cross validating with KFold(n_splits=5, random_state=None, shuffle=False), n_jobs=-1
2026-02-09 17:43:56,410:INFO:Calculating mean and std
2026-02-09 17:43:56,411:INFO:Creating metrics dataframe
2026-02-09 17:43:56,412:INFO:Uploading results into container
2026-02-09 17:43:56,412:INFO:Uploading model into container now
2026-02-09 17:43:56,413:INFO:_master_model_container: 14
2026-02-09 17:43:56,413:INFO:_display_container: 2
2026-02-09 17:43:56,413:INFO:ExtraTreesRegressor(n_jobs=-1, random_state=52)
2026-02-09 17:43:56,413:INFO:create_model() successfully completed......................................
2026-02-09 17:43:57,566:INFO:SubProcess create_model() end ==================================
2026-02-09 17:43:57,566:INFO:Creating metrics dataframe
2026-02-09 17:43:57,571:INFO:Initializing AdaBoost Regressor
2026-02-09 17:43:57,571:INFO:Total runtime is 0.9970738689104716 minutes
2026-02-09 17:43:57,574:INFO:SubProcess create_model() called ==================================
2026-02-09 17:43:57,574:INFO:Initializing create_model()
2026-02-09 17:43:57,575:INFO:create_model(self=<pycaret.regression.oop.RegressionExperiment object at 0x000001EFB7C1A090>, estimator=ada, fold=KFold(n_splits=5, random_state=None, shuffle=False), round=4, cross_validation=True, predict=True, fit_kwargs={}, groups=None, refit=False, probability_threshold=None, experiment_custom_tags=None, verbose=False, system=False, add_to_model_list=True, metrics=None, display=<pycaret.internal.display.display.CommonDisplay object at 0x000001EF99844C50>, model_only=True, return_train_score=False, error_score=0.0, kwargs={})
2026-02-09 17:43:57,575:INFO:Checking exceptions
2026-02-09 17:43:57,575:INFO:Importing libraries
2026-02-09 17:43:57,575:INFO:Copying training dataset
2026-02-09 17:43:57,577:INFO:Defining folds
2026-02-09 17:43:57,577:INFO:Declaring metric variables
2026-02-09 17:43:57,582:INFO:Importing untrained model
2026-02-09 17:43:57,585:INFO:AdaBoost Regressor Imported successfully
2026-02-09 17:43:57,591:INFO:Starting cross validation
2026-02-09 17:43:57,593:INFO:Cross validating with KFold(n_splits=5, random_state=None, shuffle=False), n_jobs=-1
2026-02-09 17:43:57,712:INFO:Calculating mean and std
2026-02-09 17:43:57,713:INFO:Creating metrics dataframe
2026-02-09 17:43:57,714:INFO:Uploading results into container
2026-02-09 17:43:57,714:INFO:Uploading model into container now
2026-02-09 17:43:57,715:INFO:_master_model_container: 15
2026-02-09 17:43:57,715:INFO:_display_container: 2
2026-02-09 17:43:57,715:INFO:AdaBoostRegressor(random_state=52)
2026-02-09 17:43:57,715:INFO:create_model() successfully completed......................................
2026-02-09 17:43:58,857:INFO:SubProcess create_model() end ==================================
2026-02-09 17:43:58,857:INFO:Creating metrics dataframe
2026-02-09 17:43:58,857:INFO:Initializing Gradient Boosting Regressor
2026-02-09 17:43:58,857:INFO:Total runtime is 1.0184975306193034 minutes
2026-02-09 17:43:58,866:INFO:SubProcess create_model() called ==================================
2026-02-09 17:43:58,866:INFO:Initializing create_model()
2026-02-09 17:43:58,866:INFO:create_model(self=<pycaret.regression.oop.RegressionExperiment object at 0x000001EFB7C1A090>, estimator=gbr, fold=KFold(n_splits=5, random_state=None, shuffle=False), round=4, cross_validation=True, predict=True, fit_kwargs={}, groups=None, refit=False, probability_threshold=None, experiment_custom_tags=None, verbose=False, system=False, add_to_model_list=True, metrics=None, display=<pycaret.internal.display.display.CommonDisplay object at 0x000001EF99844C50>, model_only=True, return_train_score=False, error_score=0.0, kwargs={})
2026-02-09 17:43:58,866:INFO:Checking exceptions
2026-02-09 17:43:58,866:INFO:Importing libraries
2026-02-09 17:43:58,866:INFO:Copying training dataset
2026-02-09 17:43:58,870:INFO:Defining folds
2026-02-09 17:43:58,870:INFO:Declaring metric variables
2026-02-09 17:43:58,874:INFO:Importing untrained model
2026-02-09 17:43:58,877:INFO:Gradient Boosting Regressor Imported successfully
2026-02-09 17:43:58,884:INFO:Starting cross validation
2026-02-09 17:43:58,885:INFO:Cross validating with KFold(n_splits=5, random_state=None, shuffle=False), n_jobs=-1
2026-02-09 17:43:59,006:INFO:Calculating mean and std
2026-02-09 17:43:59,006:INFO:Creating metrics dataframe
2026-02-09 17:43:59,009:INFO:Uploading results into container
2026-02-09 17:43:59,009:INFO:Uploading model into container now
2026-02-09 17:43:59,010:INFO:_master_model_container: 16
2026-02-09 17:43:59,010:INFO:_display_container: 2
2026-02-09 17:43:59,010:INFO:GradientBoostingRegressor(random_state=52)
2026-02-09 17:43:59,010:INFO:create_model() successfully completed......................................
2026-02-09 17:44:00,225:INFO:SubProcess create_model() end ==================================
2026-02-09 17:44:00,225:INFO:Creating metrics dataframe
2026-02-09 17:44:00,230:INFO:Initializing Extreme Gradient Boosting
2026-02-09 17:44:00,230:INFO:Total runtime is 1.041391630967458 minutes
2026-02-09 17:44:00,234:INFO:SubProcess create_model() called ==================================
2026-02-09 17:44:00,234:INFO:Initializing create_model()
2026-02-09 17:44:00,235:INFO:create_model(self=<pycaret.regression.oop.RegressionExperiment object at 0x000001EFB7C1A090>, estimator=xgboost, fold=KFold(n_splits=5, random_state=None, shuffle=False), round=4, cross_validation=True, predict=True, fit_kwargs={}, groups=None, refit=False, probability_threshold=None, experiment_custom_tags=None, verbose=False, system=False, add_to_model_list=True, metrics=None, display=<pycaret.internal.display.display.CommonDisplay object at 0x000001EF99844C50>, model_only=True, return_train_score=False, error_score=0.0, kwargs={})
2026-02-09 17:44:00,235:INFO:Checking exceptions
2026-02-09 17:44:00,235:INFO:Importing libraries
2026-02-09 17:44:00,235:INFO:Copying training dataset
2026-02-09 17:44:00,237:INFO:Defining folds
2026-02-09 17:44:00,237:INFO:Declaring metric variables
2026-02-09 17:44:00,240:INFO:Importing untrained model
2026-02-09 17:44:00,245:INFO:Extreme Gradient Boosting Imported successfully
2026-02-09 17:44:00,252:INFO:Starting cross validation
2026-02-09 17:44:00,252:INFO:Cross validating with KFold(n_splits=5, random_state=None, shuffle=False), n_jobs=-1
2026-02-09 17:44:00,501:INFO:Calculating mean and std
2026-02-09 17:44:00,501:INFO:Creating metrics dataframe
2026-02-09 17:44:00,503:INFO:Uploading results into container
2026-02-09 17:44:00,503:INFO:Uploading model into container now
2026-02-09 17:44:00,503:INFO:_master_model_container: 17
2026-02-09 17:44:00,503:INFO:_display_container: 2
2026-02-09 17:44:00,504:INFO:XGBRegressor(base_score=None, booster='gbtree', callbacks=None,
             colsample_bylevel=None, colsample_bynode=None,
             colsample_bytree=None, device='cpu', early_stopping_rounds=None,
             enable_categorical=False, eval_metric=None, feature_types=None,
             gamma=None, grow_policy=None, importance_type=None,
             interaction_constraints=None, learning_rate=None, max_bin=None,
             max_cat_threshold=None, max_cat_to_onehot=None,
             max_delta_step=None, max_depth=None, max_leaves=None,
             min_child_weight=None, missing=nan, monotone_constraints=None,
             multi_strategy=None, n_estimators=None, n_jobs=-1,
             num_parallel_tree=None, random_state=52, ...)
2026-02-09 17:44:00,504:INFO:create_model() successfully completed......................................
2026-02-09 17:44:01,675:INFO:SubProcess create_model() end ==================================
2026-02-09 17:44:01,675:INFO:Creating metrics dataframe
2026-02-09 17:44:01,692:INFO:Initializing Light Gradient Boosting Machine
2026-02-09 17:44:01,692:INFO:Total runtime is 1.0657582084337869 minutes
2026-02-09 17:44:01,697:INFO:SubProcess create_model() called ==================================
2026-02-09 17:44:01,697:INFO:Initializing create_model()
2026-02-09 17:44:01,697:INFO:create_model(self=<pycaret.regression.oop.RegressionExperiment object at 0x000001EFB7C1A090>, estimator=lightgbm, fold=KFold(n_splits=5, random_state=None, shuffle=False), round=4, cross_validation=True, predict=True, fit_kwargs={}, groups=None, refit=False, probability_threshold=None, experiment_custom_tags=None, verbose=False, system=False, add_to_model_list=True, metrics=None, display=<pycaret.internal.display.display.CommonDisplay object at 0x000001EF99844C50>, model_only=True, return_train_score=False, error_score=0.0, kwargs={})
2026-02-09 17:44:01,697:INFO:Checking exceptions
2026-02-09 17:44:01,697:INFO:Importing libraries
2026-02-09 17:44:01,697:INFO:Copying training dataset
2026-02-09 17:44:01,701:INFO:Defining folds
2026-02-09 17:44:01,701:INFO:Declaring metric variables
2026-02-09 17:44:01,703:INFO:Importing untrained model
2026-02-09 17:44:01,703:INFO:Light Gradient Boosting Machine Imported successfully
2026-02-09 17:44:01,716:INFO:Starting cross validation
2026-02-09 17:44:01,717:INFO:Cross validating with KFold(n_splits=5, random_state=None, shuffle=False), n_jobs=-1
2026-02-09 17:44:01,870:INFO:Calculating mean and std
2026-02-09 17:44:01,871:INFO:Creating metrics dataframe
2026-02-09 17:44:01,873:INFO:Uploading results into container
2026-02-09 17:44:01,873:INFO:Uploading model into container now
2026-02-09 17:44:01,874:INFO:_master_model_container: 18
2026-02-09 17:44:01,874:INFO:_display_container: 2
2026-02-09 17:44:01,874:INFO:LGBMRegressor(n_jobs=-1, random_state=52)
2026-02-09 17:44:01,874:INFO:create_model() successfully completed......................................
2026-02-09 17:44:03,031:INFO:SubProcess create_model() end ==================================
2026-02-09 17:44:03,031:INFO:Creating metrics dataframe
2026-02-09 17:44:03,031:INFO:Initializing CatBoost Regressor
2026-02-09 17:44:03,031:INFO:Total runtime is 1.0880751093228656 minutes
2026-02-09 17:44:03,031:INFO:SubProcess create_model() called ==================================
2026-02-09 17:44:03,031:INFO:Initializing create_model()
2026-02-09 17:44:03,031:INFO:create_model(self=<pycaret.regression.oop.RegressionExperiment object at 0x000001EFB7C1A090>, estimator=catboost, fold=KFold(n_splits=5, random_state=None, shuffle=False), round=4, cross_validation=True, predict=True, fit_kwargs={}, groups=None, refit=False, probability_threshold=None, experiment_custom_tags=None, verbose=False, system=False, add_to_model_list=True, metrics=None, display=<pycaret.internal.display.display.CommonDisplay object at 0x000001EF99844C50>, model_only=True, return_train_score=False, error_score=0.0, kwargs={})
2026-02-09 17:44:03,031:INFO:Checking exceptions
2026-02-09 17:44:03,031:INFO:Importing libraries
2026-02-09 17:44:03,031:INFO:Copying training dataset
2026-02-09 17:44:03,031:INFO:Defining folds
2026-02-09 17:44:03,031:INFO:Declaring metric variables
2026-02-09 17:44:03,048:INFO:Importing untrained model
2026-02-09 17:44:03,071:INFO:CatBoost Regressor Imported successfully
2026-02-09 17:44:03,077:INFO:Starting cross validation
2026-02-09 17:44:03,078:INFO:Cross validating with KFold(n_splits=5, random_state=None, shuffle=False), n_jobs=-1
2026-02-09 17:44:06,168:INFO:Calculating mean and std
2026-02-09 17:44:06,168:INFO:Creating metrics dataframe
2026-02-09 17:44:06,170:INFO:Uploading results into container
2026-02-09 17:44:06,170:INFO:Uploading model into container now
2026-02-09 17:44:06,170:INFO:_master_model_container: 19
2026-02-09 17:44:06,170:INFO:_display_container: 2
2026-02-09 17:44:06,170:INFO:<catboost.core.CatBoostRegressor object at 0x000001EFB7B981D0>
2026-02-09 17:44:06,170:INFO:create_model() successfully completed......................................
2026-02-09 17:44:07,298:INFO:SubProcess create_model() end ==================================
2026-02-09 17:44:07,298:INFO:Creating metrics dataframe
2026-02-09 17:44:07,308:INFO:Initializing Dummy Regressor
2026-02-09 17:44:07,308:INFO:Total runtime is 1.1593495806058245 minutes
2026-02-09 17:44:07,315:INFO:SubProcess create_model() called ==================================
2026-02-09 17:44:07,315:INFO:Initializing create_model()
2026-02-09 17:44:07,315:INFO:create_model(self=<pycaret.regression.oop.RegressionExperiment object at 0x000001EFB7C1A090>, estimator=dummy, fold=KFold(n_splits=5, random_state=None, shuffle=False), round=4, cross_validation=True, predict=True, fit_kwargs={}, groups=None, refit=False, probability_threshold=None, experiment_custom_tags=None, verbose=False, system=False, add_to_model_list=True, metrics=None, display=<pycaret.internal.display.display.CommonDisplay object at 0x000001EF99844C50>, model_only=True, return_train_score=False, error_score=0.0, kwargs={})
2026-02-09 17:44:07,315:INFO:Checking exceptions
2026-02-09 17:44:07,316:INFO:Importing libraries
2026-02-09 17:44:07,316:INFO:Copying training dataset
2026-02-09 17:44:07,318:INFO:Defining folds
2026-02-09 17:44:07,318:INFO:Declaring metric variables
2026-02-09 17:44:07,323:INFO:Importing untrained model
2026-02-09 17:44:07,326:INFO:Dummy Regressor Imported successfully
2026-02-09 17:44:07,333:INFO:Starting cross validation
2026-02-09 17:44:07,334:INFO:Cross validating with KFold(n_splits=5, random_state=None, shuffle=False), n_jobs=-1
2026-02-09 17:44:07,392:INFO:Calculating mean and std
2026-02-09 17:44:07,393:INFO:Creating metrics dataframe
2026-02-09 17:44:07,393:INFO:Uploading results into container
2026-02-09 17:44:07,394:INFO:Uploading model into container now
2026-02-09 17:44:07,394:INFO:_master_model_container: 20
2026-02-09 17:44:07,394:INFO:_display_container: 2
2026-02-09 17:44:07,394:INFO:DummyRegressor()
2026-02-09 17:44:07,394:INFO:create_model() successfully completed......................................
2026-02-09 17:44:08,565:INFO:SubProcess create_model() end ==================================
2026-02-09 17:44:08,565:INFO:Creating metrics dataframe
2026-02-09 17:44:08,572:WARNING:c:\Users\itwill\AppData\Local\Programs\Python\Python311\Lib\site-packages\pycaret\internal\pycaret_experiment\supervised_experiment.py:339: FutureWarning: Styler.applymap has been deprecated. Use Styler.map instead.
  .applymap(highlight_cols, subset=["TT (Sec)"])

2026-02-09 17:44:08,580:INFO:Initializing create_model()
2026-02-09 17:44:08,580:INFO:create_model(self=<pycaret.regression.oop.RegressionExperiment object at 0x000001EFB7C1A090>, estimator=BayesianRidge(), fold=KFold(n_splits=5, random_state=None, shuffle=False), round=4, cross_validation=False, predict=False, fit_kwargs={}, groups=None, refit=True, probability_threshold=None, experiment_custom_tags=None, verbose=False, system=False, add_to_model_list=True, metrics=None, display=None, model_only=True, return_train_score=False, error_score=0.0, kwargs={})
2026-02-09 17:44:08,580:INFO:Checking exceptions
2026-02-09 17:44:08,582:INFO:Importing libraries
2026-02-09 17:44:08,582:INFO:Copying training dataset
2026-02-09 17:44:08,584:INFO:Defining folds
2026-02-09 17:44:08,584:INFO:Declaring metric variables
2026-02-09 17:44:08,584:INFO:Importing untrained model
2026-02-09 17:44:08,584:INFO:Declaring custom model
2026-02-09 17:44:08,584:INFO:Bayesian Ridge Imported successfully
2026-02-09 17:44:08,585:INFO:Cross validation set to False
2026-02-09 17:44:08,585:INFO:Fitting Model
2026-02-09 17:44:08,604:INFO:BayesianRidge()
2026-02-09 17:44:08,604:INFO:create_model() successfully completed......................................
2026-02-09 17:44:09,765:INFO:Initializing create_model()
2026-02-09 17:44:09,765:INFO:create_model(self=<pycaret.regression.oop.RegressionExperiment object at 0x000001EFB7C1A090>, estimator=Ridge(random_state=52), fold=KFold(n_splits=5, random_state=None, shuffle=False), round=4, cross_validation=False, predict=False, fit_kwargs={}, groups=None, refit=True, probability_threshold=None, experiment_custom_tags=None, verbose=False, system=False, add_to_model_list=True, metrics=None, display=None, model_only=True, return_train_score=False, error_score=0.0, kwargs={})
2026-02-09 17:44:09,765:INFO:Checking exceptions
2026-02-09 17:44:09,765:INFO:Importing libraries
2026-02-09 17:44:09,766:INFO:Copying training dataset
2026-02-09 17:44:09,768:INFO:Defining folds
2026-02-09 17:44:09,768:INFO:Declaring metric variables
2026-02-09 17:44:09,768:INFO:Importing untrained model
2026-02-09 17:44:09,768:INFO:Declaring custom model
2026-02-09 17:44:09,768:INFO:Ridge Regression Imported successfully
2026-02-09 17:44:09,769:INFO:Cross validation set to False
2026-02-09 17:44:09,769:INFO:Fitting Model
2026-02-09 17:44:09,786:INFO:Ridge(random_state=52)
2026-02-09 17:44:09,786:INFO:create_model() successfully completed......................................
2026-02-09 17:44:10,969:INFO:Initializing create_model()
2026-02-09 17:44:10,970:INFO:create_model(self=<pycaret.regression.oop.RegressionExperiment object at 0x000001EFB7C1A090>, estimator=LinearRegression(n_jobs=-1), fold=KFold(n_splits=5, random_state=None, shuffle=False), round=4, cross_validation=False, predict=False, fit_kwargs={}, groups=None, refit=True, probability_threshold=None, experiment_custom_tags=None, verbose=False, system=False, add_to_model_list=True, metrics=None, display=None, model_only=True, return_train_score=False, error_score=0.0, kwargs={})
2026-02-09 17:44:10,970:INFO:Checking exceptions
2026-02-09 17:44:10,971:INFO:Importing libraries
2026-02-09 17:44:10,971:INFO:Copying training dataset
2026-02-09 17:44:10,973:INFO:Defining folds
2026-02-09 17:44:10,973:INFO:Declaring metric variables
2026-02-09 17:44:10,973:INFO:Importing untrained model
2026-02-09 17:44:10,973:INFO:Declaring custom model
2026-02-09 17:44:10,973:INFO:Linear Regression Imported successfully
2026-02-09 17:44:10,974:INFO:Cross validation set to False
2026-02-09 17:44:10,974:INFO:Fitting Model
2026-02-09 17:44:10,990:INFO:LinearRegression(n_jobs=-1)
2026-02-09 17:44:10,990:INFO:create_model() successfully completed......................................
2026-02-09 17:44:12,125:INFO:Initializing create_model()
2026-02-09 17:44:12,125:INFO:create_model(self=<pycaret.regression.oop.RegressionExperiment object at 0x000001EFB7C1A090>, estimator=Lars(random_state=52), fold=KFold(n_splits=5, random_state=None, shuffle=False), round=4, cross_validation=False, predict=False, fit_kwargs={}, groups=None, refit=True, probability_threshold=None, experiment_custom_tags=None, verbose=False, system=False, add_to_model_list=True, metrics=None, display=None, model_only=True, return_train_score=False, error_score=0.0, kwargs={})
2026-02-09 17:44:12,125:INFO:Checking exceptions
2026-02-09 17:44:12,127:INFO:Importing libraries
2026-02-09 17:44:12,127:INFO:Copying training dataset
2026-02-09 17:44:12,129:INFO:Defining folds
2026-02-09 17:44:12,129:INFO:Declaring metric variables
2026-02-09 17:44:12,129:INFO:Importing untrained model
2026-02-09 17:44:12,129:INFO:Declaring custom model
2026-02-09 17:44:12,129:INFO:Least Angle Regression Imported successfully
2026-02-09 17:44:12,129:INFO:Cross validation set to False
2026-02-09 17:44:12,130:INFO:Fitting Model
2026-02-09 17:44:12,150:INFO:Lars(random_state=52)
2026-02-09 17:44:12,150:INFO:create_model() successfully completed......................................
2026-02-09 17:44:13,288:INFO:Initializing create_model()
2026-02-09 17:44:13,288:INFO:create_model(self=<pycaret.regression.oop.RegressionExperiment object at 0x000001EFB7C1A090>, estimator=HuberRegressor(), fold=KFold(n_splits=5, random_state=None, shuffle=False), round=4, cross_validation=False, predict=False, fit_kwargs={}, groups=None, refit=True, probability_threshold=None, experiment_custom_tags=None, verbose=False, system=False, add_to_model_list=True, metrics=None, display=None, model_only=True, return_train_score=False, error_score=0.0, kwargs={})
2026-02-09 17:44:13,288:INFO:Checking exceptions
2026-02-09 17:44:13,288:INFO:Importing libraries
2026-02-09 17:44:13,289:INFO:Copying training dataset
2026-02-09 17:44:13,290:INFO:Defining folds
2026-02-09 17:44:13,291:INFO:Declaring metric variables
2026-02-09 17:44:13,291:INFO:Importing untrained model
2026-02-09 17:44:13,291:INFO:Declaring custom model
2026-02-09 17:44:13,291:INFO:Huber Regressor Imported successfully
2026-02-09 17:44:13,291:INFO:Cross validation set to False
2026-02-09 17:44:13,291:INFO:Fitting Model
2026-02-09 17:44:13,300:INFO:HuberRegressor()
2026-02-09 17:44:13,300:INFO:create_model() successfully completed......................................
2026-02-09 17:44:14,498:INFO:_master_model_container: 20
2026-02-09 17:44:14,499:INFO:_display_container: 2
2026-02-09 17:44:14,499:INFO:[BayesianRidge(), Ridge(random_state=52), LinearRegression(n_jobs=-1), Lars(random_state=52), HuberRegressor()]
2026-02-09 17:44:14,500:INFO:compare_models() successfully completed......................................
2026-02-09 17:48:35,397:INFO:Initializing tune_model()
2026-02-09 17:48:35,397:INFO:tune_model(self=<pycaret.regression.oop.RegressionExperiment object at 0x000001EFB7C1A090>, estimator=VotingRegressor(estimators=[('Bayesian Ridge', BayesianRidge()),
                            ('Ridge Regression', Ridge(random_state=52)),
                            ('Linear Regression', LinearRegression(n_jobs=-1)),
                            ('Least Angle Regression', Lars(random_state=52)),
                            ('Huber Regressor', HuberRegressor())],
                n_jobs=-1), fold=3, round=4, n_iter=30, custom_grid={'Ridge Regression_alpha': [0.01, 0.1, 1, 10, 100], 'Light Gradient Boosting Machine_n_estimators': [200, 500], 'Light Gradient Boosting Machine_learning_rate': [0.05, 0.1], 'Light Gradient Boosting Machine_num_leaves': [31, 63], 'Light Gradient Boosting Machine_max_depth': [-1, 5], 'Light Gradient Boosting Machine_min_child_samples': [20, 50], 'Light Gradient Boosting Machine_subsample': [0.8, 1.0], 'Light Gradient Boosting Machine_reg_alpha': [0, 0.1, 1], 'Light Gradient Boosting Machine_reg_lambda': [0, 1, 5], 'Support Vector Regression_kernel': ['rbf'], 'Support Vector Regression_C': [0.1, 1, 10, 100], 'Support Vector Regression_epsilon': [0.01, 0.05, 0.1, 0.2], 'Support Vector Regression_gamma': ['scale', 'auto', 0.01, 0.1, 1], 'CatBoost Regressor_iterations': [300, 500], 'CatBoost Regressor_learning_rate': [0.01, 0.03, 0.1], 'CatBoost Regressor_depth': [4, 6, 8], 'CatBoost Regressor_l2_leaf_reg': [1, 3, 5], 'CatBoost Regressor_subsample': [0.8, 1.0]}, optimize=RMSE, custom_scorer=None, search_library=scikit-learn, search_algorithm=grid, early_stopping=True, early_stopping_max_iters=10, choose_better=True, fit_kwargs=None, groups=None, return_tuner=False, verbose=False, tuner_verbose=True, return_train_score=False, kwargs={})
2026-02-09 17:48:35,397:INFO:Checking exceptions
2026-02-09 17:48:35,401:INFO:Copying training dataset
2026-02-09 17:48:35,403:INFO:Checking base model
2026-02-09 17:48:35,403:INFO:Base model : Voting Regressor
2026-02-09 17:48:35,403:INFO:Model has a special tunable class, using that
2026-02-09 17:48:35,404:INFO:Declaring metric variables
2026-02-09 17:48:35,404:INFO:Defining Hyperparameters
2026-02-09 17:48:36,834:INFO:custom_grid: {'actual_estimator__Ridge Regression_alpha': [0.01, 0.1, 1, 10, 100], 'actual_estimator__Light Gradient Boosting Machine_n_estimators': [200, 500], 'actual_estimator__Light Gradient Boosting Machine_learning_rate': [0.05, 0.1], 'actual_estimator__Light Gradient Boosting Machine_num_leaves': [31, 63], 'actual_estimator__Light Gradient Boosting Machine_max_depth': [-1, 5], 'actual_estimator__Light Gradient Boosting Machine_min_child_samples': [20, 50], 'actual_estimator__Light Gradient Boosting Machine_subsample': [0.8, 1.0], 'actual_estimator__Light Gradient Boosting Machine_reg_alpha': [0, 0.1, 1], 'actual_estimator__Light Gradient Boosting Machine_reg_lambda': [0, 1, 5], 'actual_estimator__Support Vector Regression_kernel': ['rbf'], 'actual_estimator__Support Vector Regression_C': [0.1, 1, 10, 100], 'actual_estimator__Support Vector Regression_epsilon': [0.01, 0.05, 0.1, 0.2], 'actual_estimator__Support Vector Regression_gamma': ['scale', 'auto', 0.01, 0.1, 1], 'actual_estimator__CatBoost Regressor_iterations': [300, 500], 'actual_estimator__CatBoost Regressor_learning_rate': [0.01, 0.03, 0.1], 'actual_estimator__CatBoost Regressor_depth': [4, 6, 8], 'actual_estimator__CatBoost Regressor_l2_leaf_reg': [1, 3, 5], 'actual_estimator__CatBoost Regressor_subsample': [0.8, 1.0]}
2026-02-09 17:48:36,834:INFO:Tuning with n_jobs=-1
2026-02-09 17:48:36,834:INFO:Initializing GridSearchCV
